time_key,npk_n_ppm,npk_p_ppm,npk_k_ppm,npk_soil_temp_c,npk_soil_humidity_pct,npk_soil_ph,npk_soil_ec_us_cm,npk_observed_at_local,sht_temp_air_c,sht_humidity_air_pct,sht_observed_at_local,meteo_temp_air_c,meteo_humidity_air_pct,meteo_rain_mm,meteo_dew_point_c,meteo_cloud_cover_pct,meteo_et0_mm,meteo_weather_code,meteo_is_day,meteo_observed_at_local
1773594000,109.0,44.0,82.0,25.48,70.8,6.03,779.0,2026-03-16T00:04:00+07:00,26.76,73.76,2026-03-16T00:04:00+07:00,25.687,81.0299,0.0,22.187,30.0,0.0322,1.0,0.0,2026-03-16T00:00:00+07:00
1773597600,111.0,43.0,82.0,25.45,71.09,6.04,795.0,2026-03-16T01:03:35+07:00,26.52,74.25,2026-03-16T01:03:35+07:00,25.187,82.2115,0.0,21.937,31.0,0.028900000000000002,1.0,0.0,2026-03-16T01:00:00+07:00
1773601200,109.0,43.0,82.0,25.53,70.3,6.03,802.0,2026-03-16T02:05:06+07:00,27.32,73.13,2026-03-16T02:05:06+07:00,25.187,82.2115,0.0,21.937,23.0,0.029,1.0,0.0,2026-03-16T02:00:00+07:00
1773604800,109.0,43.0,83.0,25.55,70.74,6.05,791.0,2026-03-16T03:04:34+07:00,28.05,69.65,2026-03-16T03:04:34+07:00,24.937,82.6849,0.0,21.787,16.0,0.027700000000000002,0.0,0.0,2026-03-16T03:00:00+07:00
1773608400,111.0,44.0,82.0,25.67,70.36,6.04,794.0,2026-03-16T04:04:50+07:00,28.66,69.47,2026-03-16T04:04:50+07:00,25.037,81.1947,0.0,21.587,11.0,0.0313,0.0,0.0,2026-03-16T04:00:00+07:00
1773612000,111.0,43.0,82.0,25.87,70.43,6.05,794.0,2026-03-16T05:03:51+07:00,28.89,66.75,2026-03-16T05:03:51+07:00,24.387,83.383,0.0,21.387,14.0,0.0239,0.0,0.0,2026-03-16T05:00:00+07:00
1773615600,108.0,43.0,81.0,26.12,70.33,6.04,781.0,2026-03-16T06:04:20+07:00,29.59,63.67,2026-03-16T06:04:20+07:00,24.437,81.8689,0.0,21.137,3.0,0.0275,0.0,0.0,2026-03-16T06:00:00+07:00
1773619200,108.0,43.0,83.0,25.86,73.36,6.03,772.0,2026-03-16T07:08:04+07:00,30.2,65.7,2026-03-16T07:08:04+07:00,26.887,75.7166,0.0,22.237,8.0,0.0787,0.0,1.0,2026-03-16T07:00:00+07:00
1773622800,107.0,42.0,82.0,25.01,80.97,6.01,762.0,2026-03-16T08:03:26+07:00,29.38,76.15,2026-03-16T08:03:26+07:00,27.637,72.9017,0.0,22.337,5.0,0.215,0.0,1.0,2026-03-16T08:00:00+07:00
1773626400,109.0,42.0,81.0,25.01,81.69,6.0,745.0,2026-03-16T09:06:24+07:00,30.39,72.15,2026-03-16T09:06:24+07:00,28.137,70.3757,0.0,22.237,8.0,0.34390000000000004,0.0,1.0,2026-03-16T09:00:00+07:00
1773630000,111.0,42.0,81.0,26.4,74.19,6.02,774.0,2026-03-16T10:03:38+07:00,31.5,62.14,2026-03-16T10:03:38+07:00,29.087,64.5997,0.1,21.737,4.0,0.5082,51.0,1.0,2026-03-16T10:00:00+07:00
1773633600,110.0,43.0,83.0,27.77,69.27,6.02,791.0,2026-03-16T11:02:46+07:00,31.5,59.59,2026-03-16T11:02:46+07:00,29.437,62.3461,0.1,21.487,12.0,0.5769000000000001,51.0,1.0,2026-03-16T11:00:00+07:00
1773637200,110.0,43.0,82.0,28.18,68.7,6.02,794.0,2026-03-16T12:04:13+07:00,31.5,62.08,2026-03-16T12:04:13+07:00,29.537,61.0452,0.0,21.237,30.0,0.6339,1.0,1.0,2026-03-16T12:00:00+07:00
1773640800,109.0,44.0,83.0,28.19,68.01,6.01,811.0,2026-03-16T13:05:04+07:00,31.5,63.03,2026-03-16T13:05:04+07:00,30.187,57.7318,0.0,20.937,36.0,0.6082000000000001,1.0,1.0,2026-03-16T13:00:00+07:00
1773644400,110.0,43.0,82.0,27.97,68.64,6.01,788.0,2026-03-16T14:04:54+07:00,31.08,62.85,2026-03-16T14:04:54+07:00,30.337,58.4804,0.0,21.287,42.0,0.6286,1.0,1.0,2026-03-16T14:00:00+07:00
1773648000,110.0,42.0,82.0,27.09,72.39,6.01,797.0,2026-03-16T15:07:14+07:00,30.28,68.98,2026-03-16T15:07:14+07:00,30.587,58.3599,0.0,21.487,33.0,0.5496,1.0,1.0,2026-03-16T15:00:00+07:00
1773651600,108.0,42.0,82.0,25.1,79.54,5.98,766.0,2026-03-16T16:02:38+07:00,28.68,83.05,2026-03-16T16:02:38+07:00,30.437,58.6832,0.0,21.437,33.0,0.343,1.0,1.0,2026-03-16T16:00:00+07:00
1773655200,109.0,43.0,81.0,24.37,80.67,6.0,768.0,2026-03-16T17:07:15+07:00,27.78,83.62,2026-03-16T17:07:15+07:00,28.387,64.0572,0.0,20.937,21.0,0.2401,1.0,1.0,2026-03-16T17:00:00+07:00
1773658800,109.0,42.0,82.0,25.56,73.83,6.0,780.0,2026-03-16T18:04:53+07:00,28.7,72.64,2026-03-16T18:04:53+07:00,27.737,68.1841,0.0,21.337,20.0,0.10840000000000001,1.0,1.0,2026-03-16T18:00:00+07:00
1773662400,110.0,42.0,82.0,26.25,68.93,6.01,803.0,2026-03-16T19:08:08+07:00,27.82,72.2,2026-03-16T19:08:08+07:00,27.237,70.4245,0.0,21.387,12.0,0.0825,0.0,0.0,2026-03-16T19:00:00+07:00
1773666000,110.0,43.0,83.0,26.37,68.86,6.02,798.0,2026-03-16T20:06:05+07:00,27.27,74.19,2026-03-16T20:06:05+07:00,26.587,74.5229,0.0,21.687,5.0,0.050100000000000006,0.0,0.0,2026-03-16T20:00:00+07:00
1773669600,110.0,43.0,83.0,25.72,68.33,6.02,795.0,2026-03-16T21:04:35+07:00,26.91,76.19,2026-03-16T21:04:35+07:00,26.387,76.8009,0.0,21.987,1.0,0.0417,0.0,0.0,2026-03-16T21:00:00+07:00
1773673200,109.0,43.0,83.0,25.43,68.83,6.03,790.0,2026-03-16T22:06:43+07:00,26.33,74.87,2026-03-16T22:06:43+07:00,25.337,81.2327,0.0,21.887,3.0,0.03,0.0,0.0,2026-03-16T22:00:00+07:00
1773676800,111.0,43.0,83.0,25.53,68.53,6.03,789.0,2026-03-16T23:05:32+07:00,,,,25.287,81.2264,0.0,21.837,3.0,0.0307,0.0,0.0,2026-03-16T23:00:00+07:00
1773680400,110.0,42.0,85.0,25.6,66.39,6.01,791.0,2026-03-17T00:04:00+07:00,26.07,76.7,2026-03-17T00:04:00+07:00,25.387,80.9916,0.0,21.887,7.0,0.0303,0.0,0.0,2026-03-17T00:00:00+07:00
1773684000,112.0,41.0,85.0,25.56,66.68,6.02,808.0,2026-03-17T01:03:35+07:00,25.82,77.24,2026-03-17T01:03:35+07:00,25.437,81.2454,0.0,21.987,9.0,0.030100000000000002,0.0,0.0,2026-03-17T01:00:00+07:00
1773687600,111.0,41.0,85.0,25.65,65.89,6.01,814.0,2026-03-17T02:05:06+07:00,26.62,76.19,2026-03-17T02:05:06+07:00,25.287,81.9733,0.0,21.987,16.0,0.028200000000000003,0.0,0.0,2026-03-17T02:00:00+07:00
1773691200,110.0,41.0,86.0,25.69,66.33,6.02,804.0,2026-03-17T03:04:34+07:00,27.34,72.79,2026-03-17T03:04:34+07:00,24.987,83.7059,0.0,22.037,21.0,0.0228,1.0,0.0,2026-03-17T03:00:00+07:00
1773694800,110.0,42.0,86.0,26.15,65.71,6.02,800.0,2026-03-17T04:04:09+07:00,27.61,72.88,2026-03-17T04:04:09+07:00,24.937,84.7267,0.0,22.187,20.0,0.0196,1.0,0.0,2026-03-17T04:00:00+07:00
1773698400,112.0,42.0,85.0,26.32,65.38,6.02,797.0,2026-03-17T05:03:51+07:00,28.14,69.28,2026-03-17T05:03:51+07:00,24.387,85.9717,0.0,21.887,25.0,0.0165,1.0,0.0,2026-03-17T05:00:00+07:00
1773702000,110.0,42.0,84.0,26.37,65.93,6.02,793.0,2026-03-17T06:04:20+07:00,28.83,67.06,2026-03-17T06:04:20+07:00,24.437,85.9765,0.0,21.937,12.0,0.0162,0.0,0.0,2026-03-17T06:00:00+07:00
1773705600,111.0,41.0,85.0,26.55,68.36,6.01,804.0,2026-03-17T07:07:03+07:00,29.38,68.08,2026-03-17T07:07:03+07:00,25.137,86.0446,0.0,22.637,11.0,0.0519,0.0,1.0,2026-03-17T07:00:00+07:00
1773709200,109.0,41.0,83.0,25.33,75.84,5.99,768.0,2026-03-17T08:04:10+07:00,28.94,80.74,2026-03-17T08:04:10+07:00,26.087,79.6159,0.0,22.287,40.0,0.1913,1.0,1.0,2026-03-17T08:00:00+07:00
1773712800,108.0,41.0,85.0,25.13,78.14,5.99,752.0,2026-03-17T09:06:01+07:00,29.24,75.46,2026-03-17T09:06:01+07:00,27.337,73.9677,0.0,22.287,48.0,0.33590000000000003,1.0,1.0,2026-03-17T09:00:00+07:00
1773716400,111.0,40.0,85.0,27.09,69.64,5.99,805.0,2026-03-17T10:03:18+07:00,30.67,64.87,2026-03-17T10:03:18+07:00,28.987,64.9746,0.0,21.737,69.0,0.45940000000000003,2.0,1.0,2026-03-17T10:00:00+07:00
1773720000,112.0,41.0,86.0,28.18,65.54,5.99,812.0,2026-03-17T11:03:02+07:00,31.11,64.51,2026-03-17T11:03:02+07:00,30.187,60.6328,0.0,21.737,52.0,0.5862,2.0,1.0,2026-03-17T11:00:00+07:00
1773723600,111.0,41.0,84.0,28.29,64.51,5.99,819.0,2026-03-17T12:03:07+07:00,31.22,65.04,2026-03-17T12:03:07+07:00,30.687,59.2821,0.0,21.837,52.0,0.6667000000000001,2.0,1.0,2026-03-17T12:00:00+07:00
1773727200,112.0,42.0,86.0,28.25,64.53,5.99,799.0,2026-03-17T13:04:19+07:00,30.76,66.07,2026-03-17T13:04:19+07:00,30.887,57.8967,0.0,21.637,39.0,0.5837,1.0,1.0,2026-03-17T13:00:00+07:00
1773730800,110.0,41.0,86.0,28.12,64.57,5.98,807.0,2026-03-17T14:05:28+07:00,30.62,68.21,2026-03-17T14:05:28+07:00,30.887,57.5437,0.0,21.537,45.0,0.5444,1.0,1.0,2026-03-17T14:00:00+07:00
1773734400,111.0,40.0,86.0,27.28,67.9,5.97,800.0,2026-03-17T15:07:13+07:00,29.6,72.31,2026-03-17T15:07:13+07:00,30.187,60.2633,0.0,21.637,40.0,0.3798,1.0,1.0,2026-03-17T15:00:00+07:00
1773738000,111.0,40.0,84.0,25.42,75.28,5.97,772.0,2026-03-17T16:02:55+07:00,27.78,86.18,2026-03-17T16:02:55+07:00,30.037,58.7702,0.0,21.087,55.0,0.3766,2.0,1.0,2026-03-17T16:00:00+07:00
1773741600,109.0,41.0,83.0,24.68,77.21,5.96,756.0,2026-03-17T17:07:51+07:00,27.25,86.34,2026-03-17T17:07:51+07:00,28.837,64.5471,0.0,21.487,25.0,0.2308,1.0,1.0,2026-03-17T17:00:00+07:00
1773745200,109.0,41.0,86.0,25.88,69.95,5.98,791.0,2026-03-17T18:05:00+07:00,27.44,76.46,2026-03-17T18:05:00+07:00,27.687,68.3836,0.0,21.337,15.0,0.1126,0.0,1.0,2026-03-17T18:00:00+07:00
1773748800,110.0,41.0,86.0,26.51,65.07,5.99,802.0,2026-03-17T19:07:47+07:00,27.4,77.05,2026-03-17T19:07:47+07:00,26.787,72.9779,0.0,21.537,14.0,0.0731,0.0,0.0,2026-03-17T19:00:00+07:00
1773752400,110.0,41.0,86.0,26.57,64.43,5.99,819.0,2026-03-17T20:06:44+07:00,26.74,77.88,2026-03-17T20:06:44+07:00,26.037,77.4545,0.0,21.787,38.0,0.0364,1.0,0.0,2026-03-17T20:00:00+07:00
1773756000,111.0,41.0,85.0,26.08,64.62,6.0,818.0,2026-03-17T21:05:00+07:00,26.52,79.39,2026-03-17T21:05:00+07:00,25.487,82.7496,0.0,22.337,49.0,0.021500000000000002,1.0,0.0,2026-03-17T21:00:00+07:00
1773759600,110.0,41.0,84.0,25.89,64.75,6.0,813.0,2026-03-17T22:06:18+07:00,26.13,78.98,2026-03-17T22:06:18+07:00,25.537,83.5133,0.0,22.537,67.0,0.019,2.0,0.0,2026-03-17T22:00:00+07:00
1773763200,112.0,41.0,86.0,25.78,64.07,6.01,808.0,2026-03-17T23:04:45+07:00,26.09,78.18,2026-03-17T23:04:45+07:00,25.337,86.8494,0.0,22.987,72.0,0.0111,2.0,0.0,2026-03-17T23:00:00+07:00
1773766800,105.0,42.0,83.0,25.3,66.39,6.01,823.0,2026-03-18T00:04:00+07:00,26.12,79.88,2026-03-18T00:04:00+07:00,25.087,88.4186,0.0,23.037,82.0,0.007500000000000001,3.0,0.0,2026-03-18T00:00:00+07:00
1773770400,107.0,41.0,83.0,25.27,66.67,6.02,840.0,2026-03-18T01:03:35+07:00,25.86,80.34,2026-03-18T01:03:35+07:00,25.287,87.9021,0.0,23.137,79.0,0.0074,2.0,0.0,2026-03-18T01:00:00+07:00
1773774000,106.0,41.0,83.0,25.35,65.86,6.01,846.0,2026-03-18T02:05:06+07:00,26.63,79.19,2026-03-18T02:05:06+07:00,24.937,89.2129,0.0,23.037,96.0,0.0046,3.0,0.0,2026-03-18T02:00:00+07:00
1773777600,105.0,41.0,84.0,25.39,66.3,6.03,836.0,2026-03-18T03:04:34+07:00,27.33,75.68,2026-03-18T03:04:34+07:00,24.787,89.472,0.0,22.937,86.0,0.0047,3.0,0.0,2026-03-18T03:00:00+07:00
1773781200,107.0,42.0,83.0,25.53,65.91,6.02,839.0,2026-03-18T04:04:50+07:00,27.89,75.45,2026-03-18T04:04:50+07:00,24.687,89.7359,0.0,22.887,98.0,0.0053,3.0,0.0,2026-03-18T04:00:00+07:00
1773784800,108.0,41.0,82.0,25.76,65.98,6.03,839.0,2026-03-18T05:03:51+07:00,28.07,72.69,2026-03-18T05:03:51+07:00,24.387,89.4421,0.0,22.537,95.0,0.0058000000000000005,3.0,0.0,2026-03-18T05:00:00+07:00
1773788400,105.0,41.0,82.0,26.04,65.87,6.02,826.0,2026-03-18T06:04:20+07:00,28.72,69.56,2026-03-18T06:04:20+07:00,24.287,90.5275,0.0,22.637,92.0,0.0023,3.0,0.0,2026-03-18T06:00:00+07:00
1773792000,105.0,41.0,84.0,25.8,68.89,6.01,816.0,2026-03-18T07:08:04+07:00,29.28,71.55,2026-03-18T07:08:04+07:00,25.137,87.0946,0.0,22.837,92.0,0.0468,3.0,1.0,2026-03-18T07:00:00+07:00
1773795600,104.0,40.0,83.0,24.99,76.49,5.99,807.0,2026-03-18T08:03:26+07:00,28.42,81.98,2026-03-18T08:03:26+07:00,26.737,76.3877,0.0,22.237,37.0,0.20550000000000002,1.0,1.0,2026-03-18T08:00:00+07:00
1773799200,105.0,41.0,82.0,25.01,77.21,5.98,790.0,2026-03-18T09:06:24+07:00,29.4,77.96,2026-03-18T09:06:24+07:00,28.137,69.5234,0.0,22.037,40.0,0.34890000000000004,1.0,1.0,2026-03-18T09:00:00+07:00
1773802800,107.0,40.0,82.0,26.42,69.7,6.0,819.0,2026-03-18T10:03:38+07:00,30.52,67.94,2026-03-18T10:03:38+07:00,28.837,64.5471,0.0,21.487,35.0,0.43220000000000003,1.0,1.0,2026-03-18T10:00:00+07:00
1773806400,107.0,41.0,84.0,27.81,64.77,6.0,836.0,2026-03-18T11:02:46+07:00,30.64,65.39,2026-03-18T11:02:46+07:00,29.887,60.3799,0.0,21.387,46.0,0.5878,1.0,1.0,2026-03-18T11:00:00+07:00
1773810000,107.0,41.0,82.0,28.23,64.19,6.0,839.0,2026-03-18T12:04:13+07:00,30.57,67.89,2026-03-18T12:04:13+07:00,30.287,58.6483,0.0,21.287,44.0,0.6312,1.0,1.0,2026-03-18T12:00:00+07:00
1773813600,106.0,42.0,84.0,28.24,63.5,5.99,856.0,2026-03-18T13:05:04+07:00,30.93,68.87,2026-03-18T13:05:04+07:00,30.687,58.2049,0.0,21.537,61.0,0.5906,2.0,1.0,2026-03-18T13:00:00+07:00
1773817200,107.0,42.0,83.0,28.02,64.12,5.99,833.0,2026-03-18T14:04:54+07:00,,,,30.487,59.4173,0.0,21.687,52.0,0.4838,2.0,1.0,2026-03-18T14:00:00+07:00
1773820800,106.0,42.0,84.0,27.19,67.91,5.98,834.0,2026-03-18T15:07:43+07:00,29.58,75.3,2026-03-18T15:07:43+07:00,30.887,58.6086,0.0,21.837,42.0,0.4264,1.0,1.0,2026-03-18T15:00:00+07:00
1773824400,105.0,41.0,82.0,24.96,74.75,5.97,807.0,2026-03-18T16:03:10+07:00,27.4,88.85,2026-03-18T16:03:10+07:00,30.287,58.6483,0.0,21.287,21.0,0.37670000000000003,1.0,1.0,2026-03-18T16:00:00+07:00
1773828000,106.0,40.0,83.0,24.58,76.85,5.97,798.0,2026-03-18T17:07:30+07:00,26.77,90.04,2026-03-18T17:07:30+07:00,29.587,63.3389,0.0,21.887,17.0,0.23120000000000002,0.0,1.0,2026-03-18T17:00:00+07:00
1773831600,107.0,41.0,83.0,25.78,69.8,5.98,830.0,2026-03-18T18:04:27+07:00,27.61,80.31,2026-03-18T18:04:27+07:00,28.637,66.3062,0.0,21.737,5.0,0.1061,0.0,1.0,2026-03-18T18:00:00+07:00
1773835200,,,,,,,,,27.36,78.66,2026-03-18T19:06:56+07:00,27.087,72.3633,0.0,21.687,5.0,0.0666,0.0,0.0,2026-03-18T19:00:00+07:00
1773838800,107.0,41.0,83.0,26.03,64.21,6.0,842.0,2026-03-18T20:06:57+07:00,26.92,81.65,2026-03-18T20:06:57+07:00,26.037,77.9288,0.0,21.887,1.0,0.0346,0.0,0.0,2026-03-18T20:00:00+07:00
1773842400,107.0,41.0,84.0,25.69,63.72,6.0,854.0,2026-03-18T21:04:12+07:00,26.26,80.36,2026-03-18T21:04:12+07:00,25.287,83.7394,0.0,22.337,2.0,0.0221,0.0,0.0,2026-03-18T21:00:00+07:00
1773846000,107.0,41.0,82.0,25.56,64.35,6.0,851.0,2026-03-18T22:06:29+07:00,26.03,81.17,2026-03-18T22:06:29+07:00,25.037,88.1474,0.0,22.937,1.0,0.0115,0.0,0.0,2026-03-18T22:00:00+07:00
1773849600,106.0,41.0,83.0,25.5,64.42,6.01,839.0,2026-03-18T23:05:32+07:00,25.94,80.8,2026-03-18T23:05:32+07:00,24.987,89.4868,0.0,23.137,1.0,0.0079,0.0,0.0,2026-03-18T23:00:00+07:00
1773853200,104.0,40.0,81.0,25.9,65.99,6.0,814.0,2026-03-19T00:04:00+07:00,26.83,80.89,2026-03-19T00:04:00+07:00,24.837,90.2913,0.0,23.137,4.0,0.004200000000000001,0.0,0.0,2026-03-19T00:00:00+07:00
1773856800,106.0,39.0,82.0,25.87,66.21,6.01,830.0,2026-03-19T01:03:35+07:00,26.55,81.45,2026-03-19T01:03:35+07:00,24.837,90.8386,0.0,23.237,6.0,0.0007,0.0,0.0,2026-03-19T01:00:00+07:00
1773860400,105.0,39.0,81.0,25.95,65.34,6.0,837.0,2026-03-19T02:05:06+07:00,27.29,80.43,2026-03-19T02:05:06+07:00,24.837,90.8386,0.0,23.237,8.0,0.0,0.0,0.0,2026-03-19T02:00:00+07:00
1773864000,104.0,39.0,82.0,25.98,65.72,6.01,827.0,2026-03-19T03:04:34+07:00,27.95,77.06,2026-03-19T03:04:34+07:00,24.187,93.0245,0.0,22.987,5.0,0.0,0.0,0.0,2026-03-19T03:00:00+07:00
1773867600,105.0,40.0,83.0,26.41,65.04,6.01,823.0,2026-03-19T04:04:09+07:00,28.14,77.18,2026-03-19T04:04:09+07:00,24.137,93.8702,0.0,23.087,1.0,0.0,0.0,0.0,2026-03-19T04:00:00+07:00
1773871200,106.0,40.0,82.0,26.55,64.63,6.01,821.0,2026-03-19T05:03:51+07:00,28.59,73.61,2026-03-19T05:03:51+07:00,23.387,95.8531,0.0,22.687,5.0,0.0,0.0,0.0,2026-03-19T05:00:00+07:00
1773874800,104.0,40.0,81.0,26.56,65.12,6.01,818.0,2026-03-19T06:04:20+07:00,29.19,71.43,2026-03-19T06:04:20+07:00,23.137,96.4295,0.0,22.537,6.0,0.0,0.0,0.0,2026-03-19T06:00:00+07:00
1773878400,105.0,39.0,82.0,26.71,67.48,6.0,828.0,2026-03-19T07:07:03+07:00,29.66,72.48,2026-03-19T07:07:03+07:00,24.287,93.0296,0.0,23.087,3.0,0.0345,0.0,1.0,2026-03-19T07:00:00+07:00
1773882000,103.0,39.0,80.0,25.45,74.89,5.98,793.0,2026-03-19T08:04:10+07:00,29.16,85.16,2026-03-19T08:04:10+07:00,26.387,80.629,0.0,22.787,27.0,0.189,1.0,1.0,2026-03-19T08:00:00+07:00
1773885600,103.0,39.0,81.0,25.22,77.12,5.98,777.0,2026-03-19T09:06:01+07:00,29.4,79.9,2026-03-19T09:06:01+07:00,27.487,73.5442,0.0,22.337,30.0,0.334,1.0,1.0,2026-03-19T09:00:00+07:00
1773889200,106.0,39.0,81.0,27.15,68.56,5.98,830.0,2026-03-19T10:03:18+07:00,30.8,69.31,2026-03-19T10:03:18+07:00,28.987,64.7763,0.0,21.687,42.0,0.49810000000000004,1.0,1.0,2026-03-19T10:00:00+07:00
1773892800,106.0,39.0,83.0,28.22,64.39,5.98,838.0,2026-03-19T11:03:02+07:00,31.22,68.95,2026-03-19T11:03:02+07:00,29.637,61.8202,0.0,21.537,48.0,0.6143000000000001,1.0,1.0,2026-03-19T11:00:00+07:00
1773896400,105.0,39.0,81.0,28.32,63.29,5.98,846.0,2026-03-19T12:03:07+07:00,31.33,69.47,2026-03-19T12:03:07+07:00,30.237,58.8167,0.0,21.287,57.0,0.6938000000000001,2.0,1.0,2026-03-19T12:00:00+07:00
1773900000,107.0,40.0,83.0,28.29,63.24,5.98,825.0,2026-03-19T13:04:19+07:00,30.9,70.48,2026-03-19T13:04:19+07:00,30.237,57.7436,0.0,20.987,100.0,0.6353,3.0,1.0,2026-03-19T13:00:00+07:00
1773903600,105.0,39.0,82.0,28.16,63.21,5.97,834.0,2026-03-19T14:05:28+07:00,30.81,72.59,2026-03-19T14:05:28+07:00,30.137,58.7935,0.0,21.187,95.0,0.4315,3.0,1.0,2026-03-19T14:00:00+07:00
1773907200,106.0,39.0,82.0,27.34,66.47,5.96,827.0,2026-03-19T15:07:13+07:00,29.85,76.67,2026-03-19T15:07:13+07:00,30.137,59.7014,0.0,21.437,87.0,0.4262,3.0,1.0,2026-03-19T15:00:00+07:00
1773910800,105.0,38.0,81.0,25.5,73.79,5.96,799.0,2026-03-19T16:02:55+07:00,28.11,90.5,2026-03-19T16:02:55+07:00,30.387,58.6716,0.0,21.387,22.0,0.3739,1.0,1.0,2026-03-19T16:00:00+07:00
1773914400,103.0,39.0,80.0,24.79,75.64,5.95,784.0,2026-03-19T17:07:51+07:00,27.67,90.62,2026-03-19T17:07:51+07:00,30.187,59.3483,0.0,21.387,12.0,0.2462,0.0,1.0,2026-03-19T17:00:00+07:00
1773918000,104.0,39.0,82.0,26.02,68.32,5.97,819.0,2026-03-19T18:05:00+07:00,27.94,80.71,2026-03-19T18:05:00+07:00,28.587,65.4899,0.0,21.487,4.0,0.0975,0.0,1.0,2026-03-19T18:00:00+07:00
1773921600,105.0,39.0,82.0,26.69,63.37,5.98,831.0,2026-03-19T19:07:47+07:00,27.98,81.27,2026-03-19T19:07:47+07:00,27.187,69.7705,0.0,21.187,6.0,0.069,0.0,0.0,2026-03-19T19:00:00+07:00
1773925200,104.0,39.0,82.0,26.79,62.66,5.98,848.0,2026-03-19T20:06:44+07:00,27.4,82.08,2026-03-19T20:06:44+07:00,26.487,73.5998,0.0,21.387,4.0,0.0439,0.0,0.0,2026-03-19T20:00:00+07:00
1773928800,106.0,39.0,82.0,26.33,62.78,5.99,848.0,2026-03-19T21:05:00+07:00,27.23,83.57,2026-03-19T21:05:00+07:00,25.887,77.907,0.0,21.737,3.0,0.033800000000000004,0.0,0.0,2026-03-19T21:00:00+07:00
1773932400,104.0,39.0,81.0,26.17,62.84,5.99,843.0,2026-03-19T22:06:18+07:00,26.87,83.16,2026-03-19T22:06:18+07:00,25.587,81.5122,0.0,22.187,1.0,0.023100000000000002,0.0,0.0,2026-03-19T22:00:00+07:00
1773936000,106.0,39.0,82.0,26.08,62.09,6.0,837.0,2026-03-19T23:04:45+07:00,26.85,82.36,2026-03-19T23:04:45+07:00,25.187,85.011,0.0,22.487,3.0,0.0129,0.0,0.0,2026-03-19T23:00:00+07:00
1773939600,108.0,44.0,87.0,25.37,69.11,6.07,814.0,2026-03-20T00:04:00+07:00,25.58,73.08,2026-03-20T00:04:00+07:00,24.787,89.2014,0.0,22.887,0.0,0.0022,0.0,0.0,2026-03-20T00:00:00+07:00
1773943200,110.0,43.0,88.0,25.33,69.37,6.08,831.0,2026-03-20T01:03:35+07:00,25.34,73.41,2026-03-20T01:03:35+07:00,24.787,90.0152,0.0,23.037,1.0,0.0,0.0,0.0,2026-03-20T01:00:00+07:00
1773946800,108.0,43.0,87.0,25.43,68.54,6.07,838.0,2026-03-20T02:05:06+07:00,26.15,72.07,2026-03-20T02:05:06+07:00,24.437,92.4765,0.0,23.137,2.0,0.0,0.0,0.0,2026-03-20T02:00:00+07:00
1773950400,108.0,43.0,88.0,25.48,68.96,6.08,827.0,2026-03-20T03:04:34+07:00,26.9,68.34,2026-03-20T03:04:34+07:00,24.137,93.304,0.0,22.987,9.0,0.0,0.0,0.0,2026-03-20T03:00:00+07:00
1773954000,110.0,44.0,87.0,25.64,68.55,6.07,830.0,2026-03-20T04:04:50+07:00,27.51,67.87,2026-03-20T04:04:50+07:00,23.237,95.2679,0.0,22.437,16.0,0.0,0.0,0.0,2026-03-20T04:00:00+07:00
1773957600,110.0,43.0,87.0,25.89,68.59,6.08,831.0,2026-03-20T05:03:51+07:00,27.76,64.88,2026-03-20T05:03:51+07:00,23.887,94.1438,0.0,22.887,63.0,0.0,2.0,0.0,2026-03-20T05:00:00+07:00
1773961200,107.0,44.0,87.0,26.19,68.46,6.07,817.0,2026-03-20T06:04:20+07:00,28.47,61.52,2026-03-20T06:04:20+07:00,23.987,94.4334,0.0,23.037,59.0,0.0,2.0,0.0,2026-03-20T06:00:00+07:00
1773964800,107.0,43.0,88.0,25.99,71.46,6.07,808.0,2026-03-20T07:08:04+07:00,29.1,63.3,2026-03-20T07:08:04+07:00,24.687,90.5545,0.0,23.037,47.0,0.0361,1.0,1.0,2026-03-20T07:00:00+07:00
1773968400,106.0,42.0,88.0,25.2,79.04,6.05,799.0,2026-03-20T08:03:26+07:00,28.29,73.57,2026-03-20T08:03:26+07:00,25.437,85.8134,0.0,22.887,31.0,0.1595,1.0,1.0,2026-03-20T08:00:00+07:00
1773972000,108.0,43.0,86.0,25.25,79.74,6.04,782.0,2026-03-20T09:06:24+07:00,29.31,69.45,2026-03-20T09:06:24+07:00,26.137,80.1083,0.0,22.437,74.0,0.3054,2.0,1.0,2026-03-20T09:00:00+07:00
1773975600,110.0,42.0,87.0,26.68,72.2,6.06,811.0,2026-03-20T10:03:38+07:00,30.46,59.38,2026-03-20T10:03:38+07:00,28.887,66.1548,0.0,21.937,100.0,0.46580000000000005,3.0,1.0,2026-03-20T10:00:00+07:00
1773979200,109.0,43.0,88.0,28.07,67.25,6.05,828.0,2026-03-20T11:02:46+07:00,30.59,56.84,2026-03-20T11:02:46+07:00,28.937,65.1629,0.0,21.737,62.0,0.4621,2.0,1.0,2026-03-20T11:00:00+07:00
1773982800,109.0,43.0,87.0,28.51,66.65,6.05,831.0,2026-03-20T12:04:13+07:00,30.52,59.42,2026-03-20T12:04:13+07:00,28.937,65.3623,0.0,21.787,31.0,0.5387000000000001,1.0,1.0,2026-03-20T12:00:00+07:00
1773986400,108.0,44.0,89.0,28.52,65.93,6.05,848.0,2026-03-20T13:05:04+07:00,30.85,60.53,2026-03-20T13:05:04+07:00,29.687,62.9751,0.1,21.887,44.0,0.6124,51.0,1.0,2026-03-20T13:00:00+07:00
1773990000,109.0,44.0,87.0,28.29,66.53,6.04,826.0,2026-03-20T14:04:54+07:00,,,,29.937,61.8865,0.0,21.837,50.0,0.5214,2.0,1.0,2026-03-20T14:00:00+07:00
1773993600,108.0,44.0,89.0,27.45,70.31,6.03,827.0,2026-03-20T15:07:43+07:00,29.41,67.37,2026-03-20T15:07:43+07:00,30.237,61.0155,0.0,21.887,47.0,0.4842,1.0,1.0,2026-03-20T15:00:00+07:00
1773997200,108.0,43.0,87.0,25.2,77.12,6.03,800.0,2026-03-20T16:03:10+07:00,27.19,81.14,2026-03-20T16:03:10+07:00,30.587,61.0938,0.0,22.237,49.0,0.3622,1.0,1.0,2026-03-20T16:00:00+07:00
1774000800,109.0,43.0,87.0,24.8,79.2,6.02,791.0,2026-03-20T17:07:30+07:00,26.48,82.6,2026-03-20T17:07:30+07:00,30.337,63.3075,0.0,22.587,43.0,0.1988,1.0,1.0,2026-03-20T17:00:00+07:00
1774004400,110.0,43.0,88.0,25.97,72.13,6.04,823.0,2026-03-20T18:04:27+07:00,27.27,73.09,2026-03-20T18:04:27+07:00,28.787,68.1806,0.0,22.337,30.0,0.0835,1.0,1.0,2026-03-20T18:00:00+07:00
1774008000,,,,,,,,,26.95,71.64,2026-03-20T19:06:56+07:00,27.337,74.8727,0.0,22.487,32.0,0.054200000000000005,1.0,0.0,2026-03-20T19:00:00+07:00
1774011600,109.0,43.0,87.0,26.16,66.49,6.05,835.0,2026-03-20T20:06:57+07:00,26.46,74.79,2026-03-20T20:06:57+07:00,26.537,78.0014,0.0,22.387,5.0,0.0252,0.0,0.0,2026-03-20T20:00:00+07:00
1774015200,110.0,43.0,88.0,25.8,65.98,6.05,847.0,2026-03-20T21:04:12+07:00,25.76,73.6,2026-03-20T21:04:12+07:00,26.037,81.3211,0.0,22.587,5.0,0.0175,0.0,0.0,2026-03-20T21:00:00+07:00
1774018800,109.0,44.0,87.0,25.65,66.59,6.06,844.0,2026-03-20T22:06:29+07:00,25.5,74.46,2026-03-20T22:06:29+07:00,25.837,83.0421,0.0,22.737,2.0,0.0135,0.0,0.0,2026-03-20T22:00:00+07:00
1774022400,109.0,43.0,88.0,25.58,66.64,6.06,832.0,2026-03-20T23:05:32+07:00,25.4,74.07,2026-03-20T23:05:32+07:00,25.287,86.0591,0.0,22.787,8.0,0.0067,0.0,0.0,2026-03-20T23:00:00+07:00
1774026000,107.0,42.0,84.0,25.08,66.09,6.05,825.0,2026-03-21T00:04:00+07:00,25.76,80.63,2026-03-21T00:04:00+07:00,24.837,89.4757,0.0,22.987,6.0,0.0001,0.0,0.0,2026-03-21T00:00:00+07:00
1774029600,109.0,42.0,84.0,25.05,66.39,6.06,842.0,2026-03-21T01:03:35+07:00,25.51,81.19,2026-03-21T01:03:35+07:00,24.887,89.7505,0.0,23.087,6.0,0.0,0.0,0.0,2026-03-21T01:00:00+07:00
1774033200,108.0,41.0,83.0,25.14,65.6,6.05,848.0,2026-03-21T02:05:06+07:00,26.31,80.19,2026-03-21T02:05:06+07:00,24.637,91.6532,0.0,23.187,7.0,0.0,0.0,0.0,2026-03-21T02:00:00+07:00
1774036800,107.0,41.0,84.0,25.18,66.05,6.06,838.0,2026-03-21T03:04:34+07:00,27.03,76.84,2026-03-21T03:04:34+07:00,24.637,92.2085,0.0,23.287,7.0,0.0,0.0,0.0,2026-03-21T03:00:00+07:00
1774040400,107.0,42.0,85.0,25.64,65.45,6.06,833.0,2026-03-21T04:04:09+07:00,27.31,76.98,2026-03-21T04:04:09+07:00,23.937,94.7175,0.0,23.037,40.0,0.0,1.0,0.0,2026-03-21T04:00:00+07:00
1774044000,109.0,42.0,84.0,25.81,65.12,6.06,831.0,2026-03-21T05:03:51+07:00,27.85,73.44,2026-03-21T05:03:51+07:00,24.287,94.4456,0.0,23.337,85.0,0.0,3.0,0.0,2026-03-21T05:00:00+07:00
1774047600,107.0,42.0,83.0,25.86,65.68,6.06,827.0,2026-03-21T06:04:20+07:00,28.54,71.28,2026-03-21T06:04:20+07:00,24.687,92.7695,0.0,23.437,36.0,0.0,1.0,0.0,2026-03-21T06:00:00+07:00
1774051200,108.0,41.0,84.0,26.04,68.12,6.05,837.0,2026-03-21T07:07:03+07:00,29.1,72.34,2026-03-21T07:07:03+07:00,24.987,91.1229,0.0,23.437,87.0,0.0427,3.0,1.0,2026-03-21T07:00:00+07:00
1774054800,106.0,41.0,82.0,24.82,75.6,6.03,802.0,2026-03-21T08:04:10+07:00,28.67,85.04,2026-03-21T08:04:10+07:00,25.687,84.0383,0.0,22.787,93.0,0.1782,3.0,1.0,2026-03-21T08:00:00+07:00
1774058400,106.0,41.0,84.0,24.63,77.92,6.03,786.0,2026-03-21T09:06:01+07:00,28.97,79.78,2026-03-21T09:06:01+07:00,28.637,69.6175,0.0,22.537,97.0,0.3492,3.0,1.0,2026-03-21T09:00:00+07:00
1774062000,109.0,41.0,83.0,26.59,69.43,6.03,838.0,2026-03-21T10:03:18+07:00,30.4,69.2,2026-03-21T10:03:18+07:00,29.237,65.2253,0.0,22.037,81.0,0.5235000000000001,3.0,1.0,2026-03-21T10:00:00+07:00
1774065600,109.0,41.0,85.0,27.68,65.33,6.03,845.0,2026-03-21T11:03:02+07:00,30.84,68.84,2026-03-21T11:03:02+07:00,29.937,62.8375,0.0,22.087,57.0,0.637,2.0,1.0,2026-03-21T11:00:00+07:00
1774069200,108.0,41.0,83.0,27.79,64.31,6.03,853.0,2026-03-21T12:03:07+07:00,30.95,69.35,2026-03-21T12:03:07+07:00,30.437,60.5044,0.0,21.937,60.0,0.6385000000000001,2.0,1.0,2026-03-21T12:00:00+07:00
1774072800,110.0,42.0,85.0,27.75,64.34,6.03,832.0,2026-03-21T13:04:19+07:00,30.49,70.35,2026-03-21T13:04:19+07:00,31.837,54.5162,0.0,21.537,88.0,0.6404000000000001,3.0,1.0,2026-03-21T13:00:00+07:00
1774076400,108.0,41.0,85.0,27.61,64.39,6.02,840.0,2026-03-21T14:05:28+07:00,30.35,72.45,2026-03-21T14:05:28+07:00,31.237,56.4067,0.0,21.537,86.0,0.5107,3.0,1.0,2026-03-21T14:00:00+07:00
1774080000,109.0,41.0,85.0,26.78,67.73,6.01,833.0,2026-03-21T15:07:13+07:00,29.32,76.5,2026-03-21T15:07:13+07:00,31.487,55.6102,0.0,21.537,60.0,0.5088,2.0,1.0,2026-03-21T15:00:00+07:00
1774083600,108.0,41.0,83.0,24.92,75.12,6.01,805.0,2026-03-21T16:02:55+07:00,27.49,90.31,2026-03-21T16:02:55+07:00,30.937,56.1622,0.0,21.187,30.0,0.3977,1.0,1.0,2026-03-21T16:00:00+07:00
1774087200,106.0,41.0,82.0,24.17,77.05,6.0,789.0,2026-03-21T17:07:51+07:00,26.96,90.42,2026-03-21T17:07:51+07:00,30.137,59.1552,0.0,21.287,12.0,0.2741,0.0,1.0,2026-03-21T17:00:00+07:00
1774090800,107.0,41.0,84.0,25.37,69.8,6.02,824.0,2026-03-21T18:05:00+07:00,27.15,80.49,2026-03-21T18:05:00+07:00,28.587,64.0998,0.0,21.137,10.0,0.1197,0.0,1.0,2026-03-21T18:00:00+07:00
1774094400,108.0,42.0,84.0,26.0,64.94,6.03,835.0,2026-03-21T19:07:47+07:00,27.1,81.02,2026-03-21T19:07:47+07:00,27.887,67.5896,0.0,21.337,2.0,0.08080000000000001,0.0,0.0,2026-03-21T19:00:00+07:00
1774098000,107.0,42.0,85.0,26.06,64.3,6.03,852.0,2026-03-21T20:06:44+07:00,26.44,81.83,2026-03-21T20:06:44+07:00,26.837,73.4342,0.0,21.687,1.0,0.044,0.0,0.0,2026-03-21T20:00:00+07:00
1774101600,109.0,41.0,84.0,25.57,64.5,6.04,851.0,2026-03-21T21:05:00+07:00,26.21,83.31,2026-03-21T21:05:00+07:00,26.237,78.4342,0.0,22.187,6.0,0.0298,0.0,0.0,2026-03-21T21:00:00+07:00
1774105200,107.0,41.0,83.0,25.38,64.64,6.04,846.0,2026-03-21T22:06:18+07:00,25.82,82.88,2026-03-21T22:06:18+07:00,25.737,83.2828,0.0,22.687,10.0,0.0187,0.0,0.0,2026-03-21T22:00:00+07:00
1774108800,109.0,41.0,85.0,25.27,63.96,6.05,840.0,2026-03-21T23:04:45+07:00,25.77,82.1,2026-03-21T23:04:45+07:00,25.887,83.3,0.0,22.837,14.0,0.0178,0.0,0.0,2026-03-21T23:00:00+07:00
1774112400,110.0,43.0,83.0,25.46,70.02,6.04,796.0,2026-03-22T00:04:00+07:00,26.0,79.58,2026-03-22T00:04:00+07:00,25.737,84.5544,0.0,22.937,8.0,0.0151,0.0,0.0,2026-03-22T00:00:00+07:00
1774116000,112.0,42.0,83.0,25.42,70.24,6.05,813.0,2026-03-22T01:03:35+07:00,25.73,79.89,2026-03-22T01:03:35+07:00,25.737,85.3254,0.0,23.087,3.0,0.0131,0.0,0.0,2026-03-22T01:00:00+07:00
1774119600,111.0,42.0,82.0,25.51,69.37,6.04,820.0,2026-03-22T02:05:06+07:00,26.49,78.52,2026-03-22T02:05:06+07:00,25.587,86.6102,0.0,23.187,15.0,0.008,0.0,0.0,2026-03-22T02:00:00+07:00
1774123200,110.0,42.0,84.0,25.56,69.74,6.05,810.0,2026-03-22T03:04:34+07:00,27.17,74.75,2026-03-22T03:04:34+07:00,25.437,87.3853,0.0,23.187,23.0,0.0055000000000000005,1.0,0.0,2026-03-22T03:00:00+07:00
1774126800,112.0,43.0,83.0,25.72,69.29,6.04,813.0,2026-03-22T04:04:50+07:00,27.72,74.24,2026-03-22T04:04:50+07:00,25.237,89.5054,0.0,23.387,26.0,0.0018000000000000002,1.0,0.0,2026-03-22T04:00:00+07:00
1774130400,113.0,42.0,82.0,25.96,69.29,6.05,813.0,2026-03-22T05:03:51+07:00,27.88,71.21,2026-03-22T05:03:51+07:00,25.237,90.047,0.0,23.487,61.0,0.0026000000000000003,2.0,0.0,2026-03-22T05:00:00+07:00
1774134000,110.0,42.0,82.0,26.25,69.12,6.04,800.0,2026-03-22T06:04:20+07:00,28.51,67.82,2026-03-22T06:04:20+07:00,25.137,90.8582,0.0,23.537,69.0,0.001,2.0,0.0,2026-03-22T06:00:00+07:00
1774137600,110.0,42.0,84.0,26.04,72.07,6.04,792.0,2026-03-22T07:08:04+07:00,29.05,69.56,2026-03-22T07:08:04+07:00,25.637,88.46340000000001,0.0,23.587,81.0,0.047400000000000005,3.0,1.0,2026-03-22T07:00:00+07:00
1774141200,109.0,41.0,83.0,25.24,79.61,6.01,782.0,2026-03-22T08:03:26+07:00,28.18,79.81,2026-03-22T08:03:26+07:00,26.087,84.0819,0.0,23.187,88.0,0.17750000000000002,3.0,1.0,2026-03-22T08:00:00+07:00
1774144800,110.0,42.0,81.0,25.28,80.27,6.01,765.0,2026-03-22T09:06:24+07:00,29.15,75.66,2026-03-22T09:06:24+07:00,28.587,71.1022,0.0,22.837,94.0,0.34240000000000004,3.0,1.0,2026-03-22T09:00:00+07:00
1774148400,112.0,41.0,82.0,26.7,72.7,6.03,795.0,2026-03-22T10:03:38+07:00,30.26,65.59,2026-03-22T10:03:38+07:00,29.387,65.6548,0.0,22.287,93.0,0.4938,3.0,1.0,2026-03-22T10:00:00+07:00
1774152000,112.0,42.0,83.0,28.1,67.7,6.02,813.0,2026-03-22T11:02:46+07:00,30.38,63.06,2026-03-22T11:02:46+07:00,30.087,62.87,0.0,22.237,82.0,0.6323000000000001,3.0,1.0,2026-03-22T11:00:00+07:00
1774155600,112.0,42.0,82.0,28.53,67.06,6.02,816.0,2026-03-22T12:04:13+07:00,30.31,65.65,2026-03-22T12:04:13+07:00,31.187,57.4388,0.0,21.787,78.0,0.71,2.0,1.0,2026-03-22T12:00:00+07:00
1774159200,111.0,43.0,84.0,28.54,66.3,6.02,833.0,2026-03-22T13:05:04+07:00,30.67,66.78,2026-03-22T13:05:04+07:00,31.537,55.4524,0.0,21.537,82.0,0.6841,3.0,1.0,2026-03-22T13:00:00+07:00
1774162800,112.0,43.0,83.0,28.31,66.86,6.01,811.0,2026-03-22T14:04:54+07:00,,,,31.437,55.4281,0.0,21.437,83.0,0.6612,3.0,1.0,2026-03-22T14:00:00+07:00
1774166400,111.0,42.0,84.0,27.47,70.58,6.0,812.0,2026-03-22T15:07:43+07:00,29.35,73.69,2026-03-22T15:07:43+07:00,31.037,55.5011,0.0,21.087,84.0,0.4889,3.0,1.0,2026-03-22T15:00:00+07:00
1774170000,110.0,42.0,82.0,25.23,77.36,5.99,785.0,2026-03-22T16:03:10+07:00,27.19,87.49,2026-03-22T16:03:10+07:00,31.487,51.8154,0.0,20.387,76.0,0.4257,2.0,1.0,2026-03-22T16:00:00+07:00
1774173600,111.0,41.0,82.0,24.84,79.4,5.99,776.0,2026-03-22T17:07:30+07:00,26.57,88.99,2026-03-22T17:07:30+07:00,29.237,60.2321,0.0,20.737,59.0,0.2732,2.0,1.0,2026-03-22T17:00:00+07:00
1774177200,112.0,42.0,83.0,26.02,72.28,6.01,808.0,2026-03-22T18:04:27+07:00,27.44,79.51,2026-03-22T18:04:27+07:00,28.687,63.5336,0.0,21.087,8.0,0.12240000000000001,0.0,1.0,2026-03-22T18:00:00+07:00
1774180800,,,,,,,,,27.2,78.1,2026-03-22T19:06:56+07:00,27.637,69.2169,0.0,21.487,0.0,0.07590000000000001,0.0,0.0,2026-03-22T19:00:00+07:00
1774184400,112.0,42.0,82.0,26.23,66.56,6.02,821.0,2026-03-22T20:06:57+07:00,26.78,81.28,2026-03-22T20:06:57+07:00,27.187,73.2698,0.0,21.987,3.0,0.0402,0.0,0.0,2026-03-22T20:00:00+07:00
1774188000,112.0,42.0,84.0,25.87,66.01,6.02,833.0,2026-03-22T21:04:12+07:00,26.12,80.1,2026-03-22T21:04:12+07:00,26.837,77.8084,0.0,22.637,3.0,0.0262,0.0,0.0,2026-03-22T21:00:00+07:00
1774191600,,,,,,,,,25.98,81.8,2026-03-22T22:06:54+07:00,25.787,84.8159,0.0,23.037,7.0,0.012100000000000001,0.0,0.0,2026-03-22T22:00:00+07:00
1774195200,110.0,42.0,83.0,25.57,66.6,6.04,812.0,2026-03-22T23:05:35+07:00,25.63,81.93,2026-03-22T23:05:35+07:00,25.537,87.1305,0.0,23.237,11.0,0.0068000000000000005,0.0,0.0,2026-03-22T23:00:00+07:00
1774198800,104.0,42.0,84.0,25.33,68.11,6.05,807.0,2026-03-23T00:04:00+07:00,25.26,79.31,2026-03-23T00:04:00+07:00,25.587,87.6626,0.0,23.387,29.0,0.0041,1.0,0.0,2026-03-23T00:00:00+07:00
1774202400,106.0,41.0,84.0,25.3,68.33,6.06,824.0,2026-03-23T01:03:35+07:00,25.02,79.75,2026-03-23T01:03:35+07:00,25.637,87.9317,0.0,23.487,25.0,0.0009000000000000001,1.0,0.0,2026-03-23T01:00:00+07:00
1774206000,105.0,41.0,84.0,25.38,67.47,6.05,831.0,2026-03-23T02:05:06+07:00,25.84,78.57,2026-03-23T02:05:06+07:00,25.437,88.1806,0.0,23.337,27.0,0.0,1.0,0.0,2026-03-23T02:00:00+07:00
1774209600,104.0,40.0,85.0,25.4,67.84,6.07,820.0,2026-03-23T03:04:34+07:00,26.58,75.01,2026-03-23T03:04:34+07:00,25.287,88.9707,0.0,23.337,41.0,0.0,1.0,0.0,2026-03-23T03:00:00+07:00
1774213200,107.0,41.0,84.0,25.53,67.39,6.06,824.0,2026-03-23T04:04:50+07:00,27.21,74.74,2026-03-23T04:04:50+07:00,24.937,91.1197,0.0,23.387,83.0,0.0,3.0,0.0,2026-03-23T04:00:00+07:00
1774216800,107.0,41.0,83.0,25.72,67.4,6.07,824.0,2026-03-23T05:03:51+07:00,27.46,71.94,2026-03-23T05:03:51+07:00,24.987,91.674,0.0,23.537,72.0,0.0,2.0,0.0,2026-03-23T05:00:00+07:00
1774220400,104.0,41.0,83.0,25.97,67.23,6.06,811.0,2026-03-23T06:04:20+07:00,28.18,68.78,2026-03-23T06:04:20+07:00,24.737,93.333,0.0,23.587,81.0,0.0,3.0,1.0,2026-03-23T06:00:00+07:00
1774224000,104.0,41.0,85.0,25.71,70.18,6.05,802.0,2026-03-23T07:08:04+07:00,28.81,70.73,2026-03-23T07:08:04+07:00,26.437,87.999,0.0,24.287,66.0,0.0476,2.0,1.0,2026-03-23T07:00:00+07:00
1774227600,103.0,40.0,84.0,24.86,77.73,6.03,793.0,2026-03-23T08:03:26+07:00,28.0,81.13,2026-03-23T08:03:26+07:00,27.137,82.1973,0.0,23.837,71.0,0.1905,2.0,1.0,2026-03-23T08:00:00+07:00
1774231200,104.0,40.0,82.0,24.86,78.38,6.02,776.0,2026-03-23T09:06:24+07:00,29.03,77.09,2026-03-23T09:06:24+07:00,28.687,73.0814,0.0,23.387,66.0,0.3295,2.0,1.0,2026-03-23T09:00:00+07:00
1774234800,106.0,40.0,83.0,26.25,70.82,6.04,805.0,2026-03-23T10:03:38+07:00,30.18,67.06,2026-03-23T10:03:38+07:00,28.937,70.7363,0.2,23.087,35.0,0.4772,51.0,1.0,2026-03-23T10:00:00+07:00
1774238400,106.0,41.0,85.0,27.61,65.82,6.04,823.0,2026-03-23T11:02:46+07:00,30.31,64.52,2026-03-23T11:02:46+07:00,29.387,67.8845,0.1,22.837,43.0,0.5359,51.0,1.0,2026-03-23T11:00:00+07:00
1774242000,106.0,40.0,83.0,28.03,65.19,6.04,826.0,2026-03-23T12:04:13+07:00,30.24,67.03,2026-03-23T12:04:13+07:00,30.487,62.1965,0.0,22.437,35.0,0.647,1.0,1.0,2026-03-23T12:00:00+07:00
1774245600,105.0,42.0,85.0,28.04,64.43,6.03,843.0,2026-03-23T13:05:04+07:00,30.57,68.03,2026-03-23T13:05:04+07:00,30.737,60.2043,0.0,22.137,35.0,0.5935,1.0,1.0,2026-03-23T13:00:00+07:00
1774249200,106.0,41.0,84.0,27.82,64.99,6.03,821.0,2026-03-23T14:04:54+07:00,,,,31.087,59.1936,0.0,22.187,25.0,0.5553,1.0,1.0,2026-03-23T14:00:00+07:00
1774252800,105.0,41.0,85.0,27.01,68.72,6.02,822.0,2026-03-23T15:07:43+07:00,29.13,74.53,2026-03-23T15:07:43+07:00,30.787,60.3993,0.0,22.237,38.0,0.4368,1.0,1.0,2026-03-23T15:00:00+07:00
1774256400,104.0,40.0,83.0,24.8,75.5,6.01,795.0,2026-03-23T16:03:10+07:00,26.89,88.12,2026-03-23T16:03:10+07:00,30.437,60.6892,0.0,21.987,31.0,0.3725,1.0,1.0,2026-03-23T16:00:00+07:00
1774260000,105.0,40.0,84.0,24.45,77.54,6.01,786.0,2026-03-23T17:07:30+07:00,26.19,89.36,2026-03-23T17:07:30+07:00,28.887,66.3569,0.0,21.987,30.0,0.2218,1.0,1.0,2026-03-23T17:00:00+07:00
1774263600,106.0,41.0,84.0,25.67,70.43,6.02,819.0,2026-03-23T18:04:27+07:00,26.97,79.67,2026-03-23T18:04:27+07:00,28.687,65.9123,0.0,21.687,10.0,0.1114,0.0,1.0,2026-03-23T18:00:00+07:00
1774267200,,,,,,,,,26.64,78.05,2026-03-23T19:06:56+07:00,27.687,69.2263,0.0,21.537,0.0,0.0782,0.0,0.0,2026-03-23T19:00:00+07:00
1774270800,106.0,41.0,84.0,25.98,64.71,6.04,832.0,2026-03-23T20:06:57+07:00,26.15,81.07,2026-03-23T20:06:57+07:00,26.987,74.3614,0.0,22.037,0.0,0.0487,0.0,0.0,2026-03-23T20:00:00+07:00
1774274400,106.0,41.0,85.0,25.67,64.16,6.04,844.0,2026-03-23T21:04:12+07:00,25.44,79.8,2026-03-23T21:04:12+07:00,26.387,77.9797,0.0,22.237,0.0,0.0379,0.0,0.0,2026-03-23T21:00:00+07:00
1774278000,,,,,,,,,25.25,81.44,2026-03-23T22:06:54+07:00,25.387,86.3298,0.0,22.937,0.0,0.013900000000000001,0.0,0.0,2026-03-23T22:00:00+07:00
1774281600,104.0,41.0,85.0,25.44,64.76,6.05,823.0,2026-03-23T23:05:35+07:00,24.89,81.59,2026-03-23T23:05:35+07:00,24.887,89.4794,0.0,23.037,6.0,0.0036000000000000003,0.0,0.0,2026-03-23T23:00:00+07:00
1774285200,109.0,42.0,84.0,25.51,68.06,6.05,815.0,2026-03-24T00:04:00+07:00,25.28,73.67,2026-03-24T00:04:00+07:00,24.687,93.3306,0.0,23.537,6.0,0.0,0.0,0.0,2026-03-24T00:00:00+07:00
1774288800,111.0,41.0,84.0,25.48,68.28,6.07,831.0,2026-03-24T01:03:35+07:00,25.01,73.96,2026-03-24T01:03:35+07:00,24.687,93.6123,0.0,23.587,36.0,0.0,1.0,0.0,2026-03-24T01:00:00+07:00
1774292400,110.0,41.0,83.0,25.56,67.4,6.05,838.0,2026-03-24T02:05:06+07:00,25.78,72.58,2026-03-24T02:05:06+07:00,24.537,93.888,0.0,23.487,41.0,0.0,1.0,0.0,2026-03-24T02:00:00+07:00
1774296000,109.0,41.0,84.0,25.59,67.77,6.07,828.0,2026-03-24T03:04:34+07:00,26.46,68.79,2026-03-24T03:04:34+07:00,24.537,93.3233,0.0,23.387,31.0,0.0,1.0,0.0,2026-03-24T03:00:00+07:00
1774299600,111.0,42.0,84.0,25.71,67.32,6.06,831.0,2026-03-24T04:04:50+07:00,27.0,68.26,2026-03-24T04:04:50+07:00,24.637,91.3766,0.0,23.137,32.0,0.0012000000000000001,1.0,0.0,2026-03-24T04:00:00+07:00
1774303200,112.0,41.0,83.0,25.92,67.32,6.07,832.0,2026-03-24T05:03:51+07:00,27.17,65.21,2026-03-24T05:03:51+07:00,25.387,87.1171,0.0,23.087,27.0,0.0053,1.0,0.0,2026-03-24T05:00:00+07:00
1774306800,109.0,42.0,83.0,26.17,67.14,6.06,819.0,2026-03-24T06:04:20+07:00,27.8,61.8,2026-03-24T06:04:20+07:00,25.187,87.8936,0.0,23.037,28.0,0.003,1.0,1.0,2026-03-24T06:00:00+07:00
1774310400,109.0,41.0,84.0,25.91,70.09,6.05,810.0,2026-03-24T07:08:04+07:00,28.34,63.52,2026-03-24T07:08:04+07:00,25.387,87.6454,0.0,23.187,10.0,0.046900000000000004,0.0,1.0,2026-03-24T07:00:00+07:00
1774314000,108.0,40.0,84.0,25.07,77.63,6.03,800.0,2026-03-24T08:03:26+07:00,27.47,73.76,2026-03-24T08:03:26+07:00,26.337,81.1127,0.0,22.837,26.0,0.1875,1.0,1.0,2026-03-24T08:00:00+07:00
1774317600,109.0,41.0,82.0,25.07,78.28,6.03,784.0,2026-03-24T09:06:24+07:00,28.44,69.6,2026-03-24T09:06:24+07:00,26.987,75.963,0.0,22.387,19.0,0.3205,0.0,1.0,2026-03-24T09:00:00+07:00
1774321200,111.0,40.0,83.0,26.46,70.71,6.04,813.0,2026-03-24T10:03:38+07:00,29.55,59.53,2026-03-24T10:03:38+07:00,29.787,63.5753,0.0,22.137,17.0,0.5355,0.0,1.0,2026-03-24T10:00:00+07:00
1774324800,111.0,41.0,84.0,27.83,65.72,6.04,831.0,2026-03-24T11:02:46+07:00,29.67,56.99,2026-03-24T11:02:46+07:00,30.737,59.4747,0.0,21.937,23.0,0.646,1.0,1.0,2026-03-24T11:00:00+07:00
1774328400,111.0,41.0,83.0,28.25,65.07,6.04,834.0,2026-03-24T12:04:13+07:00,29.6,59.59,2026-03-24T12:04:13+07:00,31.237,56.5796,0.0,21.587,59.0,0.6989000000000001,2.0,1.0,2026-03-24T12:00:00+07:00
1774332000,110.0,42.0,85.0,28.26,64.31,6.04,851.0,2026-03-24T13:05:04+07:00,29.96,60.74,2026-03-24T13:05:04+07:00,32.037,52.9204,0.0,21.237,38.0,0.7524000000000001,1.0,1.0,2026-03-24T13:00:00+07:00
1774335600,111.0,42.0,84.0,28.04,64.86,6.03,829.0,2026-03-24T14:04:54+07:00,,,,32.387,51.0933,0.0,20.987,37.0,0.5694,1.0,1.0,2026-03-24T14:00:00+07:00
1774339200,110.0,42.0,85.0,27.22,68.59,6.02,830.0,2026-03-24T15:07:43+07:00,28.63,67.68,2026-03-24T15:07:43+07:00,32.087,51.9672,0.0,20.987,60.0,0.5198,2.0,1.0,2026-03-24T15:00:00+07:00
1774342800,109.0,41.0,83.0,25.01,75.36,6.01,803.0,2026-03-24T16:03:10+07:00,26.48,81.5,2026-03-24T16:03:10+07:00,31.837,50.6395,0.0,20.337,37.0,0.4277,1.0,1.0,2026-03-24T16:00:00+07:00
1774346400,110.0,41.0,83.0,24.66,77.4,6.01,794.0,2026-03-24T17:07:30+07:00,25.86,83.02,2026-03-24T17:07:30+07:00,30.737,55.2578,0.0,20.737,14.0,0.27030000000000004,0.0,1.0,2026-03-24T17:00:00+07:00
1774350000,111.0,41.0,84.0,25.88,70.28,6.03,827.0,2026-03-24T18:04:27+07:00,26.72,73.56,2026-03-24T18:04:27+07:00,29.287,62.1224,0.0,21.287,2.0,0.12050000000000001,0.0,1.0,2026-03-24T18:00:00+07:00
1774353600,109.0,41.0,83.0,26.33,65.41,6.03,831.0,2026-03-24T19:06:56+07:00,26.48,72.17,2026-03-24T19:06:56+07:00,27.687,68.1744,0.0,21.287,0.0,0.0884,0.0,0.0,2026-03-24T19:00:00+07:00
1774357200,111.0,41.0,83.0,26.18,64.56,6.04,840.0,2026-03-24T20:06:57+07:00,26.06,75.36,2026-03-24T20:06:57+07:00,26.737,75.693,0.0,22.087,0.0,0.047,0.0,0.0,2026-03-24T20:00:00+07:00
1774360800,111.0,41.0,85.0,25.86,64.0,6.04,852.0,2026-03-24T21:04:12+07:00,25.41,74.19,2026-03-24T21:04:12+07:00,25.837,81.2959,0.0,22.387,0.0,0.029500000000000002,0.0,0.0,2026-03-24T21:00:00+07:00
1774364400,,,,,,,,,25.26,75.89,2026-03-24T22:06:54+07:00,25.537,84.0219,0.0,22.637,19.0,0.017400000000000002,0.0,0.0,2026-03-24T22:00:00+07:00
1774368000,109.0,41.0,84.0,25.62,64.58,6.05,831.0,2026-03-24T23:05:35+07:00,24.91,76.02,2026-03-24T23:05:35+07:00,25.137,87.6237,0.0,22.937,89.0,0.0037,3.0,0.0,2026-03-24T23:00:00+07:00
1774371600,106.0,43.0,80.0,25.27,64.78,6.04,849.0,2026-03-25T00:04:00+07:00,26.4,74.64,2026-03-25T00:04:00+07:00,24.437,93.3185,0.0,23.287,11.0,0.0,0.0,0.0,2026-03-25T00:00:00+07:00
1774375200,108.0,42.0,80.0,25.24,64.99,6.05,866.0,2026-03-25T01:03:35+07:00,26.15,75.19,2026-03-25T01:03:35+07:00,24.687,91.6561,0.0,23.237,11.0,0.0,0.0,0.0,2026-03-25T01:00:00+07:00
1774378800,107.0,42.0,79.0,25.33,64.1,6.04,873.0,2026-03-25T02:05:06+07:00,26.94,74.17,2026-03-25T02:05:06+07:00,25.137,90.312,0.0,23.437,20.0,0.0,1.0,0.0,2026-03-25T02:00:00+07:00
1774382400,106.0,41.0,81.0,25.37,64.46,6.05,863.0,2026-03-25T03:04:34+07:00,27.67,70.8,2026-03-25T03:04:34+07:00,24.787,91.9392,0.0,23.387,26.0,0.0,1.0,0.0,2026-03-25T03:00:00+07:00
1774386000,106.0,42.0,81.0,25.83,63.76,6.05,859.0,2026-03-25T04:04:09+07:00,27.94,70.92,2026-03-25T04:04:09+07:00,23.587,96.1499,0.0,22.937,40.0,0.0,1.0,0.0,2026-03-25T04:00:00+07:00
1774389600,108.0,43.0,80.0,26.01,63.33,6.05,857.0,2026-03-25T05:03:51+07:00,28.48,67.35,2026-03-25T05:03:51+07:00,23.737,95.2852,0.0,22.937,48.0,0.0,1.0,0.0,2026-03-25T05:00:00+07:00
1774393200,106.0,42.0,79.0,26.06,63.8,6.05,854.0,2026-03-25T06:04:20+07:00,29.17,65.17,2026-03-25T06:04:20+07:00,24.287,92.4684,0.0,22.987,45.0,0.0,1.0,1.0,2026-03-25T06:00:00+07:00
1774396800,106.0,42.0,80.0,25.84,66.74,6.04,845.0,2026-03-25T07:08:04+07:00,29.77,67.3,2026-03-25T07:08:04+07:00,27.537,80.052,0.0,23.787,69.0,0.06620000000000001,2.0,1.0,2026-03-25T07:00:00+07:00
1774400400,105.0,41.0,80.0,25.04,74.27,6.02,835.0,2026-03-25T08:03:26+07:00,28.94,77.83,2026-03-25T08:03:26+07:00,28.937,74.6798,0.0,23.987,54.0,0.19890000000000002,2.0,1.0,2026-03-25T08:00:00+07:00
1774404000,106.0,41.0,78.0,25.08,74.91,6.01,819.0,2026-03-25T09:06:24+07:00,29.94,73.89,2026-03-25T09:06:24+07:00,29.137,67.63,0.0,22.537,34.0,0.36310000000000003,1.0,1.0,2026-03-25T09:00:00+07:00
1774407600,108.0,41.0,79.0,26.5,67.33,6.03,848.0,2026-03-25T10:03:38+07:00,31.08,63.89,2026-03-25T10:03:38+07:00,29.687,65.7164,0.0,22.587,33.0,0.5454,1.0,1.0,2026-03-25T10:00:00+07:00
1774411200,108.0,41.0,80.0,27.89,62.32,6.03,866.0,2026-03-25T11:02:46+07:00,31.21,61.34,2026-03-25T11:02:46+07:00,29.937,63.6074,0.0,22.287,41.0,0.6503,1.0,1.0,2026-03-25T11:00:00+07:00
1774414800,108.0,41.0,79.0,28.32,61.67,6.03,869.0,2026-03-25T12:04:13+07:00,31.13,63.79,2026-03-25T12:04:13+07:00,30.337,60.1135,0.0,21.737,41.0,0.6999000000000001,1.0,1.0,2026-03-25T12:00:00+07:00
1774418400,107.0,43.0,81.0,28.33,60.89,6.02,886.0,2026-03-25T13:05:04+07:00,31.48,64.67,2026-03-25T13:05:04+07:00,31.637,55.1384,0.0,21.537,41.0,0.7213,1.0,1.0,2026-03-25T13:00:00+07:00
1774422000,108.0,42.0,80.0,28.1,61.44,6.01,864.0,2026-03-25T14:04:54+07:00,30.63,64.4,2026-03-25T14:04:54+07:00,31.787,53.1836,0.0,21.087,67.0,0.6798000000000001,2.0,1.0,2026-03-25T14:00:00+07:00
1774425600,108.0,41.0,80.0,27.2,65.11,6.02,874.0,2026-03-25T15:07:14+07:00,29.84,70.42,2026-03-25T15:07:14+07:00,32.087,53.0954,0.0,21.337,60.0,0.5293,2.0,1.0,2026-03-25T15:00:00+07:00
1774429200,106.0,41.0,79.0,25.18,72.18,5.99,843.0,2026-03-25T16:02:38+07:00,28.26,84.38,2026-03-25T16:02:38+07:00,31.787,53.1836,0.0,21.087,96.0,0.4057,3.0,1.0,2026-03-25T16:00:00+07:00
1774432800,106.0,41.0,79.0,24.41,73.22,6.01,845.0,2026-03-25T17:07:15+07:00,27.36,84.81,2026-03-25T17:07:15+07:00,31.187,53.3617,0.0,20.587,74.0,0.2888,2.0,1.0,2026-03-25T17:00:00+07:00
1774436400,107.0,41.0,80.0,25.55,66.29,6.01,858.0,2026-03-25T18:04:53+07:00,28.3,73.73,2026-03-25T18:04:53+07:00,29.687,59.2328,0.0,20.887,100.0,0.1168,3.0,1.0,2026-03-25T18:00:00+07:00
1774440000,107.0,41.0,79.0,26.2,61.31,6.02,881.0,2026-03-25T19:08:08+07:00,27.43,73.18,2026-03-25T19:08:08+07:00,27.987,64.1693,0.0,20.587,68.0,0.08610000000000001,2.0,0.0,2026-03-25T19:00:00+07:00
1774443600,108.0,42.0,81.0,26.27,61.16,6.02,876.0,2026-03-25T20:06:05+07:00,26.89,75.1,2026-03-25T20:06:05+07:00,26.987,69.9474,0.0,21.037,72.0,0.054400000000000004,2.0,0.0,2026-03-25T20:00:00+07:00
1774447200,107.0,42.0,81.0,25.58,60.55,6.03,874.0,2026-03-25T21:04:35+07:00,26.53,77.05,2026-03-25T21:04:35+07:00,25.937,77.6766,0.0,21.737,0.0,0.036000000000000004,0.0,0.0,2026-03-25T21:00:00+07:00
1774450800,107.0,42.0,81.0,25.26,60.96,6.03,869.0,2026-03-25T22:06:43+07:00,25.96,75.7,2026-03-25T22:06:43+07:00,25.487,86.0785,0.0,22.987,37.0,0.0167,1.0,0.0,2026-03-25T22:00:00+07:00
1774454400,108.0,42.0,80.0,25.34,60.58,6.04,868.0,2026-03-25T23:05:32+07:00,,,,25.387,89.5166,0.0,23.537,22.0,0.0082,1.0,0.0,2026-03-25T23:00:00+07:00
1774458000,108.0,40.0,82.0,24.94,64.49,6.03,854.0,2026-03-26T00:04:00+07:00,25.73,71.84,2026-03-26T00:04:00+07:00,25.237,91.1387,0.0,23.687,32.0,0.0033,1.0,0.0,2026-03-26T00:00:00+07:00
1774461600,110.0,39.0,82.0,24.9,64.78,6.04,870.0,2026-03-26T01:03:35+07:00,25.46,72.32,2026-03-26T01:03:35+07:00,25.087,92.2337,0.0,23.737,52.0,0.0,2.0,0.0,2026-03-26T01:00:00+07:00
1774465200,108.0,39.0,82.0,25.0,63.98,6.03,877.0,2026-03-26T02:05:06+07:00,26.21,71.2,2026-03-26T02:05:06+07:00,25.087,92.2337,0.0,23.737,40.0,0.0,1.0,0.0,2026-03-26T02:00:00+07:00
1774468800,108.0,39.0,83.0,25.04,64.43,6.04,866.0,2026-03-26T03:04:34+07:00,26.88,67.72,2026-03-26T03:04:34+07:00,25.037,92.7877,0.0,23.787,33.0,0.0,1.0,0.0,2026-03-26T03:00:00+07:00
1774472400,110.0,40.0,82.0,25.2,64.04,6.03,869.0,2026-03-26T04:04:50+07:00,27.41,67.54,2026-03-26T04:04:50+07:00,24.187,95.3008,0.0,23.387,32.0,0.0,1.0,0.0,2026-03-26T04:00:00+07:00
1774476000,110.0,39.0,82.0,25.44,64.11,6.04,869.0,2026-03-26T05:03:51+07:00,27.55,64.82,2026-03-26T05:03:51+07:00,24.787,93.3354,0.0,23.637,42.0,0.0,1.0,0.0,2026-03-26T05:00:00+07:00
1774479600,107.0,40.0,81.0,25.73,64.01,6.04,856.0,2026-03-26T06:04:20+07:00,28.17,61.73,2026-03-26T06:04:20+07:00,24.687,94.7463,0.0,23.787,43.0,0.0,1.0,1.0,2026-03-26T06:00:00+07:00
1774483200,107.0,39.0,83.0,25.52,67.04,6.03,847.0,2026-03-26T07:08:04+07:00,28.69,63.76,2026-03-26T07:08:04+07:00,25.437,91.7008,0.0,23.987,58.0,0.0426,2.0,1.0,2026-03-26T07:00:00+07:00
1774486800,106.0,38.0,83.0,24.72,74.65,6.01,837.0,2026-03-26T08:03:26+07:00,27.81,74.21,2026-03-26T08:03:26+07:00,26.837,85.1802,0.1,24.137,54.0,0.1852,51.0,1.0,2026-03-26T08:00:00+07:00
1774490400,108.0,39.0,81.0,24.76,75.37,6.0,820.0,2026-03-26T09:06:24+07:00,28.76,70.21,2026-03-26T09:06:24+07:00,27.587,75.3686,0.0,22.837,28.0,0.3366,1.0,1.0,2026-03-26T09:00:00+07:00
1774494000,110.0,38.0,81.0,26.18,67.87,6.02,849.0,2026-03-26T10:03:38+07:00,29.87,60.2,2026-03-26T10:03:38+07:00,29.487,63.1243,0.0,21.737,30.0,0.5062,1.0,1.0,2026-03-26T10:00:00+07:00
1774497600,109.0,39.0,83.0,27.58,62.95,6.01,866.0,2026-03-26T11:02:46+07:00,29.98,57.65,2026-03-26T11:02:46+07:00,30.587,58.8979,0.0,21.637,53.0,0.6495000000000001,2.0,1.0,2026-03-26T11:00:00+07:00
1774501200,109.0,39.0,82.0,28.01,62.37,6.02,869.0,2026-03-26T12:04:13+07:00,29.91,60.13,2026-03-26T12:04:13+07:00,31.637,54.1342,0.0,21.237,78.0,0.725,2.0,1.0,2026-03-26T12:00:00+07:00
1774504800,108.0,40.0,83.0,28.02,61.68,6.01,886.0,2026-03-26T13:05:04+07:00,30.28,61.09,2026-03-26T13:05:04+07:00,31.787,52.6957,0.0,20.937,57.0,0.6369,2.0,1.0,2026-03-26T13:00:00+07:00
1774508400,109.0,40.0,82.0,27.79,62.31,6.0,863.0,2026-03-26T14:04:54+07:00,29.48,60.91,2026-03-26T14:04:54+07:00,31.937,52.8954,0.0,21.137,42.0,0.5534,1.0,1.0,2026-03-26T14:00:00+07:00
1774512000,109.0,39.0,82.0,26.89,66.06,6.0,872.0,2026-03-26T15:07:14+07:00,28.74,67.05,2026-03-26T15:07:14+07:00,31.937,52.4104,0.0,20.987,41.0,0.5323,1.0,1.0,2026-03-26T15:00:00+07:00
1774515600,107.0,38.0,82.0,24.86,73.21,5.98,841.0,2026-03-26T16:02:38+07:00,27.22,81.12,2026-03-26T16:02:38+07:00,32.037,50.2238,0.0,20.387,26.0,0.4035,1.0,1.0,2026-03-26T16:00:00+07:00
1774519200,108.0,39.0,81.0,24.09,74.34,6.0,843.0,2026-03-26T17:07:15+07:00,26.41,81.69,2026-03-26T17:07:15+07:00,29.987,59.8501,0.0,21.337,27.0,0.245,1.0,1.0,2026-03-26T17:00:00+07:00
1774522800,108.0,39.0,83.0,25.23,67.49,6.0,855.0,2026-03-26T18:04:53+07:00,27.42,70.71,2026-03-26T18:04:53+07:00,29.587,60.4972,0.0,21.137,2.0,0.1208,0.0,1.0,2026-03-26T18:00:00+07:00
1774526400,109.0,39.0,82.0,25.88,62.6,6.01,878.0,2026-03-26T19:08:08+07:00,26.62,70.27,2026-03-26T19:08:08+07:00,28.587,64.4943,0.0,21.237,0.0,0.08990000000000001,0.0,0.0,2026-03-26T19:00:00+07:00
1774530000,109.0,40.0,83.0,25.95,62.53,6.01,873.0,2026-03-26T20:06:05+07:00,26.14,72.27,2026-03-26T20:06:05+07:00,27.637,70.7139,0.0,21.837,0.0,0.0553,0.0,0.0,2026-03-26T20:00:00+07:00
1774533600,109.0,39.0,83.0,25.25,62.0,6.02,870.0,2026-03-26T21:04:35+07:00,25.83,74.27,2026-03-26T21:04:35+07:00,26.487,77.521,0.0,22.237,0.0,0.038,0.0,0.0,2026-03-26T21:00:00+07:00
1774537200,108.0,40.0,83.0,24.92,62.5,6.02,865.0,2026-03-26T22:06:43+07:00,25.29,72.95,2026-03-26T22:06:43+07:00,25.787,83.795,0.0,22.837,0.0,0.0222,0.0,0.0,2026-03-26T22:00:00+07:00
1774540800,110.0,40.0,83.0,25.0,62.19,6.03,863.0,2026-03-26T23:05:32+07:00,,,,25.387,88.1765,0.0,23.287,0.0,0.0108,0.0,0.0,2026-03-26T23:00:00+07:00
1774544400,109.0,43.0,85.0,25.59,68.89,6.03,820.0,2026-03-27T00:04:00+07:00,26.54,74.02,2026-03-27T00:04:00+07:00,25.037,90.0329,0.0,23.287,1.0,0.0053,0.0,0.0,2026-03-27T00:00:00+07:00
1774548000,111.0,42.0,85.0,25.55,69.17,6.05,837.0,2026-03-27T01:03:35+07:00,26.3,74.4,2026-03-27T01:03:35+07:00,24.987,91.1229,0.0,23.437,4.0,0.002,0.0,0.0,2026-03-27T01:00:00+07:00
1774551600,109.0,42.0,84.0,25.65,68.36,6.04,843.0,2026-03-27T02:05:06+07:00,27.11,73.15,2026-03-27T02:05:06+07:00,24.787,92.2169,0.0,23.437,29.0,0.0,1.0,0.0,2026-03-27T02:00:00+07:00
1774555200,109.0,42.0,85.0,25.69,68.79,6.05,833.0,2026-03-27T03:04:34+07:00,27.86,69.51,2026-03-27T03:04:34+07:00,24.587,91.6501,0.0,23.137,95.0,0.0,3.0,0.0,2026-03-27T03:00:00+07:00
1774558800,109.0,43.0,86.0,26.16,68.17,6.04,829.0,2026-03-27T04:04:09+07:00,28.16,69.33,2026-03-27T04:04:09+07:00,24.587,90.8223,0.0,22.987,75.0,0.0,2.0,0.0,2026-03-27T04:00:00+07:00
1774562400,110.0,43.0,85.0,26.34,67.81,6.05,826.0,2026-03-27T05:03:51+07:00,28.72,65.46,2026-03-27T05:03:51+07:00,24.387,89.4421,0.0,22.537,100.0,0.0,3.0,0.0,2026-03-27T05:00:00+07:00
1774566000,108.0,42.0,84.0,26.39,68.35,6.04,823.0,2026-03-27T06:04:20+07:00,29.44,62.99,2026-03-27T06:04:20+07:00,24.287,89.9796,0.0,22.537,79.0,0.0,2.0,1.0,2026-03-27T06:00:00+07:00
1774569600,110.0,41.0,85.0,26.59,70.77,6.04,833.0,2026-03-27T07:07:03+07:00,30.03,63.77,2026-03-27T07:07:03+07:00,26.737,81.9017,0.0,23.387,55.0,0.0651,2.0,1.0,2026-03-27T07:00:00+07:00
1774573200,108.0,41.0,83.0,25.38,78.24,6.02,797.0,2026-03-27T08:04:10+07:00,29.62,76.27,2026-03-27T08:04:10+07:00,27.937,77.7337,0.0,23.687,43.0,0.17830000000000001,1.0,1.0,2026-03-27T08:00:00+07:00
1774576800,107.0,41.0,85.0,25.19,80.53,6.01,782.0,2026-03-27T09:06:01+07:00,29.94,70.86,2026-03-27T09:06:01+07:00,28.687,71.7687,0.0,23.087,45.0,0.36150000000000004,1.0,1.0,2026-03-27T09:00:00+07:00
1774580400,110.0,41.0,84.0,27.15,72.02,6.01,834.0,2026-03-27T10:03:18+07:00,31.38,60.22,2026-03-27T10:03:18+07:00,29.287,65.4347,0.0,22.137,66.0,0.461,2.0,1.0,2026-03-27T10:00:00+07:00
1774584000,110.0,42.0,86.0,28.25,67.9,6.01,842.0,2026-03-27T11:03:02+07:00,31.5,59.88,2026-03-27T11:03:02+07:00,30.037,60.7846,0.0,21.637,82.0,0.5798,3.0,1.0,2026-03-27T11:00:00+07:00
1774587600,109.0,41.0,84.0,28.36,66.86,6.02,849.0,2026-03-27T12:03:07+07:00,31.5,60.49,2026-03-27T12:03:07+07:00,30.387,57.779,0.0,21.137,67.0,0.6495000000000001,2.0,1.0,2026-03-27T12:00:00+07:00
1774591200,111.0,42.0,86.0,28.33,66.87,6.02,828.0,2026-03-27T13:04:19+07:00,31.46,61.68,2026-03-27T13:04:19+07:00,31.337,53.2349,0.0,20.687,71.0,0.728,2.0,1.0,2026-03-27T13:00:00+07:00
1774594800,109.0,41.0,86.0,28.19,66.89,6.01,837.0,2026-03-27T14:05:28+07:00,31.31,64.02,2026-03-27T14:05:28+07:00,31.537,51.0339,0.0,20.187,27.0,0.5533,1.0,1.0,2026-03-27T14:00:00+07:00
1774598400,110.0,41.0,86.0,27.35,70.21,6.0,830.0,2026-03-27T15:07:13+07:00,30.26,68.37,2026-03-27T15:07:13+07:00,31.787,50.0046,0.0,20.087,15.0,0.5636,0.0,1.0,2026-03-27T15:00:00+07:00
1774602000,109.0,41.0,84.0,25.48,77.58,5.99,802.0,2026-03-27T16:02:55+07:00,28.41,82.48,2026-03-27T16:02:55+07:00,31.787,50.1595,0.0,20.137,2.0,0.43510000000000004,0.0,1.0,2026-03-27T16:00:00+07:00
1774605600,108.0,42.0,83.0,24.73,79.49,5.99,786.0,2026-03-27T17:07:51+07:00,27.85,82.94,2026-03-27T17:07:51+07:00,30.587,55.9055,0.0,20.787,2.0,0.2773,0.0,1.0,2026-03-27T17:00:00+07:00
1774609200,108.0,41.0,85.0,25.92,72.22,6.01,821.0,2026-03-27T18:05:00+07:00,28.01,73.3,2026-03-27T18:05:00+07:00,29.637,61.255,0.0,21.387,1.0,0.10650000000000001,0.0,1.0,2026-03-27T18:00:00+07:00
1774612800,109.0,42.0,86.0,26.53,67.33,6.01,832.0,2026-03-27T19:07:47+07:00,27.93,74.12,2026-03-27T19:07:47+07:00,28.937,63.1986,0.0,21.237,0.0,0.08700000000000001,0.0,0.0,2026-03-27T19:00:00+07:00
1774616400,108.0,42.0,86.0,26.59,66.68,6.02,849.0,2026-03-27T20:06:44+07:00,27.25,75.13,2026-03-27T20:06:44+07:00,28.337,67.0608,0.0,21.637,0.0,0.0611,0.0,0.0,2026-03-27T20:00:00+07:00
1774620000,110.0,41.0,85.0,26.09,66.86,6.03,849.0,2026-03-27T21:05:00+07:00,27.01,76.75,2026-03-27T21:05:00+07:00,26.587,76.8312,0.0,22.187,0.0,0.0344,0.0,0.0,2026-03-27T21:00:00+07:00
1774623600,108.0,42.0,84.0,25.89,66.98,6.02,843.0,2026-03-27T22:06:18+07:00,26.6,76.39,2026-03-27T22:06:18+07:00,25.987,81.0682,0.0,22.487,0.0,0.0201,0.0,0.0,2026-03-27T22:00:00+07:00
1774627200,110.0,42.0,86.0,25.78,66.28,6.03,838.0,2026-03-27T23:04:45+07:00,26.55,75.58,2026-03-27T23:04:45+07:00,25.487,84.5278,0.0,22.687,0.0,0.0099,0.0,0.0,2026-03-27T23:00:00+07:00
1774630800,101.0,41.0,79.0,24.97,63.59,6.05,864.0,2026-03-28T00:04:00+07:00,26.0,76.8,2026-03-28T00:04:00+07:00,24.387,91.3611,0.0,22.887,0.0,0.0,0.0,0.0,2026-03-28T00:00:00+07:00
1774634400,103.0,40.0,79.0,24.94,63.79,6.06,880.0,2026-03-28T01:03:35+07:00,25.72,77.07,2026-03-28T01:03:35+07:00,24.137,93.5867,0.0,23.037,0.0,0.0,0.0,0.0,2026-03-28T01:00:00+07:00
1774638000,101.0,40.0,78.0,25.03,62.9,6.05,887.0,2026-03-28T02:05:06+07:00,26.48,75.64,2026-03-28T02:05:06+07:00,24.087,93.5844,0.0,22.987,0.0,0.0,0.0,0.0,2026-03-28T02:00:00+07:00
1774641600,101.0,40.0,79.0,25.07,63.24,6.06,877.0,2026-03-28T03:04:34+07:00,27.16,71.8,2026-03-28T03:04:34+07:00,23.737,94.9971,0.0,22.887,1.0,0.0,0.0,0.0,2026-03-28T03:00:00+07:00
1774645200,103.0,41.0,78.0,25.21,62.77,6.05,881.0,2026-03-28T04:04:50+07:00,27.69,71.22,2026-03-28T04:04:50+07:00,23.987,95.0063,0.0,23.137,2.0,0.0,0.0,0.0,2026-03-28T04:00:00+07:00
1774648800,103.0,41.0,78.0,25.44,62.75,6.06,881.0,2026-03-28T05:03:51+07:00,27.85,68.11,2026-03-28T05:03:51+07:00,23.337,96.4348,0.0,22.737,7.0,0.0,0.0,0.0,2026-03-28T05:00:00+07:00
1774652400,100.0,41.0,78.0,25.73,62.55,6.05,868.0,2026-03-28T06:04:20+07:00,28.47,64.64,2026-03-28T06:04:20+07:00,23.237,96.4322,0.0,22.637,15.0,0.0,0.0,1.0,2026-03-28T06:00:00+07:00
1774656000,100.0,41.0,79.0,25.5,65.48,6.05,860.0,2026-03-28T07:08:04+07:00,29.01,66.31,2026-03-28T07:08:04+07:00,25.287,90.5948,0.0,23.637,22.0,0.047900000000000005,1.0,1.0,2026-03-28T07:00:00+07:00
1774659600,99.0,40.0,79.0,24.69,73.0,6.03,850.0,2026-03-28T08:03:26+07:00,28.13,76.52,2026-03-28T08:03:26+07:00,27.137,78.3247,0.0,23.037,57.0,0.2097,2.0,1.0,2026-03-28T08:00:00+07:00
1774663200,101.0,40.0,77.0,24.72,73.63,6.02,834.0,2026-03-28T09:06:24+07:00,29.09,72.33,2026-03-28T09:06:24+07:00,28.537,70.6633,0.0,22.687,51.0,0.34600000000000003,2.0,1.0,2026-03-28T09:00:00+07:00
1774666800,103.0,40.0,78.0,26.13,66.03,6.04,863.0,2026-03-28T10:03:38+07:00,30.2,62.24,2026-03-28T10:03:38+07:00,29.487,63.8998,0.0,21.937,64.0,0.4454,2.0,1.0,2026-03-28T10:00:00+07:00
1774670400,102.0,40.0,79.0,27.52,61.02,6.03,881.0,2026-03-28T11:02:46+07:00,30.31,59.72,2026-03-28T11:02:46+07:00,30.487,59.0551,0.0,21.587,89.0,0.5598000000000001,3.0,1.0,2026-03-28T11:00:00+07:00
1774674000,102.0,40.0,78.0,27.94,60.35,6.03,884.0,2026-03-28T12:04:13+07:00,30.24,62.33,2026-03-28T12:04:13+07:00,31.737,53.9931,0.0,21.287,100.0,0.6037,3.0,1.0,2026-03-28T12:00:00+07:00
1774677600,101.0,41.0,80.0,27.95,59.57,6.03,901.0,2026-03-28T13:05:04+07:00,30.61,63.51,2026-03-28T13:05:04+07:00,31.587,53.1337,0.0,20.887,100.0,0.6344000000000001,3.0,1.0,2026-03-28T13:00:00+07:00
1774681200,102.0,41.0,78.0,27.73,60.1,6.02,879.0,2026-03-28T14:04:54+07:00,,,,31.737,51.8787,0.0,20.637,86.0,0.48460000000000003,3.0,1.0,2026-03-28T14:00:00+07:00
1774684800,101.0,41.0,80.0,26.9,63.8,6.01,881.0,2026-03-28T15:07:43+07:00,29.3,70.55,2026-03-28T15:07:43+07:00,31.987,50.5218,0.0,20.437,70.0,0.5267000000000001,2.0,1.0,2026-03-28T15:00:00+07:00
1774688400,101.0,40.0,78.0,24.67,70.56,6.01,854.0,2026-03-28T16:03:10+07:00,27.15,84.42,2026-03-28T16:03:10+07:00,31.787,51.0977,0.0,20.437,10.0,0.45530000000000004,0.0,1.0,2026-03-28T16:00:00+07:00
1774692000,101.0,40.0,78.0,24.28,72.57,6.01,845.0,2026-03-28T17:07:30+07:00,26.54,86.01,2026-03-28T17:07:30+07:00,30.737,55.2578,0.0,20.737,24.0,0.29910000000000003,1.0,1.0,2026-03-28T17:00:00+07:00
1774695600,102.0,41.0,79.0,25.48,65.43,6.02,877.0,2026-03-28T18:04:27+07:00,27.41,76.6,2026-03-28T18:04:27+07:00,29.037,60.5586,0.0,20.637,11.0,0.1296,0.0,1.0,2026-03-28T18:00:00+07:00
1774699200,,,,,,,,,27.18,75.26,2026-03-28T19:06:56+07:00,27.437,67.0864,0.0,20.787,0.0,0.085,0.0,0.0,2026-03-28T19:00:00+07:00
1774702800,102.0,40.0,78.0,25.71,59.67,6.03,891.0,2026-03-28T20:06:57+07:00,26.77,78.48,2026-03-28T20:06:57+07:00,27.187,71.283,0.0,21.537,0.0,0.0507,0.0,0.0,2026-03-28T20:00:00+07:00
1774706400,102.0,40.0,80.0,25.37,59.09,6.03,903.0,2026-03-28T21:04:12+07:00,26.12,77.34,2026-03-28T21:04:12+07:00,26.387,77.0354,0.0,22.037,0.0,0.030600000000000002,0.0,0.0,2026-03-28T21:00:00+07:00
1774710000,,,,,,,,,25.97,79.05,2026-03-28T22:06:54+07:00,25.987,83.3113,0.0,22.937,0.0,0.0117,0.0,0.0,2026-03-28T22:00:00+07:00
1774713600,100.0,41.0,79.0,25.09,59.63,6.05,882.0,2026-03-28T23:05:35+07:00,25.63,79.18,2026-03-28T23:05:35+07:00,25.187,88.4268,0.0,23.137,0.0,0.0,0.0,0.0,2026-03-28T23:00:00+07:00
1774717200,112.0,44.0,86.0,25.17,67.06,6.0,837.0,2026-03-29T00:04:00+07:00,26.03,81.75,2026-03-29T00:04:00+07:00,24.687,91.6561,0.0,23.237,33.0,0.0,1.0,0.0,2026-03-29T00:00:00+07:00
1774720800,114.0,43.0,87.0,25.14,67.27,6.01,854.0,2026-03-29T01:03:35+07:00,25.77,82.05,2026-03-29T01:03:35+07:00,23.937,94.7175,0.0,23.037,77.0,0.0,2.0,0.0,2026-03-29T01:00:00+07:00
1774724400,112.0,43.0,86.0,25.22,66.39,6.0,860.0,2026-03-29T02:05:06+07:00,26.56,80.67,2026-03-29T02:05:06+07:00,24.037,94.4354,0.0,23.087,88.0,0.0,3.0,0.0,2026-03-29T02:00:00+07:00
1774728000,112.0,42.0,87.0,25.24,66.76,6.02,850.0,2026-03-29T03:04:34+07:00,27.26,76.88,2026-03-29T03:04:34+07:00,24.237,94.1587,0.0,23.237,95.0,0.0,3.0,0.0,2026-03-29T03:00:00+07:00
1774731600,114.0,43.0,86.0,25.37,66.3,6.01,854.0,2026-03-29T04:04:50+07:00,27.84,76.35,2026-03-29T04:04:50+07:00,24.887,93.3402,0.0,23.737,97.0,0.0,3.0,0.0,2026-03-29T04:00:00+07:00
1774735200,114.0,43.0,86.0,25.58,66.29,6.02,854.0,2026-03-29T05:03:51+07:00,28.04,73.3,2026-03-29T05:03:51+07:00,23.787,96.4466,0.0,23.187,68.0,0.0,2.0,0.0,2026-03-29T05:00:00+07:00
1774738800,111.0,43.0,86.0,25.83,66.11,6.01,841.0,2026-03-29T06:04:20+07:00,28.71,69.89,2026-03-29T06:04:20+07:00,23.637,98.5041,0.0,23.387,24.0,0.0091,1.0,1.0,2026-03-29T06:00:00+07:00
1774742400,111.0,43.0,87.0,25.57,69.06,6.0,832.0,2026-03-29T07:08:04+07:00,29.28,71.61,2026-03-29T07:08:04+07:00,,,,,,,,,
1774746000,110.0,42.0,87.0,24.74,76.6,5.98,823.0,2026-03-29T08:03:26+07:00,28.44,81.85,2026-03-29T08:03:26+07:00,,,,,,,,,
1774749600,112.0,42.0,85.0,24.74,77.24,5.97,806.0,2026-03-29T09:06:24+07:00,29.43,77.7,2026-03-29T09:06:24+07:00,,,,,,,,,
1774753200,114.0,42.0,86.0,26.13,69.66,5.99,836.0,2026-03-29T10:03:38+07:00,30.56,67.62,2026-03-29T10:03:38+07:00,,,,,,,,,
1774756800,113.0,42.0,87.0,27.5,64.66,5.99,853.0,2026-03-29T11:02:46+07:00,30.68,65.09,2026-03-29T11:02:46+07:00,,,,,,,,,
1774760400,113.0,42.0,86.0,27.92,64.01,5.99,857.0,2026-03-29T12:04:13+07:00,30.61,67.68,2026-03-29T12:04:13+07:00,,,,,,,,,
1774764000,112.0,43.0,88.0,27.93,63.24,5.98,874.0,2026-03-29T13:05:04+07:00,30.96,68.83,2026-03-29T13:05:04+07:00,,,,,,,,,
1774767600,113.0,43.0,86.0,27.71,63.8,5.98,852.0,2026-03-29T14:04:54+07:00,,,,,,,,,,,,
1774771200,112.0,43.0,87.0,26.9,67.52,5.97,853.0,2026-03-29T15:07:43+07:00,29.59,75.77,2026-03-29T15:07:43+07:00,,,,,,,,,
1774774800,112.0,42.0,86.0,24.68,74.28,5.96,826.0,2026-03-29T16:03:10+07:00,27.4,89.59,2026-03-29T16:03:10+07:00,,,,,,,,,
1774778400,113.0,42.0,86.0,24.33,76.31,5.96,817.0,2026-03-29T17:07:30+07:00,26.75,91.11,2026-03-29T17:07:30+07:00,,,,,,,,,
1774782000,114.0,43.0,87.0,25.54,69.19,5.97,849.0,2026-03-29T18:04:27+07:00,27.58,81.65,2026-03-29T18:04:27+07:00,,,,,,,,,
1774785600,,,,,,,,,27.3,80.26,2026-03-29T19:06:56+07:00,,,,,,,,,
1774789200,113.0,42.0,86.0,25.84,63.46,5.99,862.0,2026-03-29T20:06:57+07:00,26.85,83.45,2026-03-29T20:06:57+07:00,,,,,,,,,
1774792800,114.0,43.0,87.0,25.52,62.9,5.99,875.0,2026-03-29T21:04:12+07:00,26.18,82.28,2026-03-29T21:04:12+07:00,,,,,,,,,
1774796400,,,,,,,,,26.01,83.98,2026-03-29T22:06:54+07:00,,,,,,,,,
1774800000,112.0,43.0,87.0,25.27,63.47,6.0,854.0,2026-03-29T23:05:35+07:00,25.66,84.11,2026-03-29T23:05:35+07:00,,,,,,,,,
1774803600,109.0,43.0,83.0,25.44,69.92,6.02,803.0,2026-03-30T00:04:00+07:00,26.66,75.38,2026-03-30T00:04:00+07:00,,,,,,,,,
1774807200,111.0,43.0,83.0,25.4,70.18,6.03,820.0,2026-03-30T01:03:35+07:00,26.41,75.82,2026-03-30T01:03:35+07:00,,,,,,,,,
1774810800,110.0,42.0,83.0,25.49,69.35,6.02,826.0,2026-03-30T02:05:06+07:00,27.22,74.64,2026-03-30T02:05:06+07:00,,,,,,,,,
1774814400,109.0,42.0,84.0,25.53,69.77,6.03,816.0,2026-03-30T03:04:34+07:00,27.95,71.09,2026-03-30T03:04:34+07:00,,,,,,,,,
1774818000,109.0,43.0,84.0,25.99,69.12,6.03,812.0,2026-03-30T04:04:09+07:00,28.23,71.02,2026-03-30T04:04:09+07:00,,,,,,,,,
1774821600,111.0,43.0,84.0,26.16,68.75,6.03,810.0,2026-03-30T05:03:51+07:00,28.78,67.26,2026-03-30T05:03:51+07:00,,,,,,,,,
1774825200,109.0,43.0,82.0,26.2,69.27,6.03,806.0,2026-03-30T06:04:20+07:00,29.48,64.88,2026-03-30T06:04:20+07:00,,,,,,,,,
1774828800,110.0,42.0,84.0,26.38,71.67,6.02,817.0,2026-03-30T07:07:03+07:00,30.06,65.75,2026-03-30T07:07:03+07:00,,,,,,,,,
1774832400,108.0,42.0,81.0,25.16,79.11,6.0,781.0,2026-03-30T08:04:10+07:00,29.63,78.31,2026-03-30T08:04:10+07:00,,,,,,,,,
1774836000,108.0,42.0,83.0,24.97,81.38,6.0,765.0,2026-03-30T09:06:01+07:00,29.94,72.95,2026-03-30T09:06:01+07:00,,,,,,,,,
1774839600,110.0,42.0,83.0,26.92,72.86,6.0,818.0,2026-03-30T10:03:18+07:00,31.38,62.33,2026-03-30T10:03:18+07:00,,,,,,,,,
1774843200,111.0,42.0,84.0,28.01,68.72,6.0,826.0,2026-03-30T11:03:02+07:00,31.5,61.98,2026-03-30T11:03:02+07:00,,,,,,,,,
1774846800,110.0,42.0,82.0,28.12,67.66,6.0,833.0,2026-03-30T12:03:07+07:00,31.5,62.56,2026-03-30T12:03:07+07:00,,,,,,,,,
1774850400,112.0,43.0,84.0,28.09,67.65,6.0,813.0,2026-03-30T13:04:19+07:00,31.46,63.69,2026-03-30T13:04:19+07:00,,,,,,,,,
1774854000,110.0,42.0,84.0,27.95,67.65,5.99,821.0,2026-03-30T14:05:28+07:00,31.32,65.95,2026-03-30T14:05:28+07:00,,,,,,,,,
1774857600,110.0,42.0,84.0,27.11,70.96,5.98,814.0,2026-03-30T15:07:13+07:00,30.28,70.21,2026-03-30T15:07:13+07:00,,,,,,,,,
1774861200,110.0,42.0,83.0,25.25,78.31,5.98,786.0,2026-03-30T16:02:55+07:00,28.45,84.23,2026-03-30T16:02:55+07:00,,,,,,,,,
1774864800,108.0,42.0,81.0,24.51,80.2,5.97,771.0,2026-03-30T17:07:51+07:00,27.9,84.57,2026-03-30T17:07:51+07:00,,,,,,,,,
1774868400,108.0,42.0,84.0,25.71,72.91,5.99,805.0,2026-03-30T18:05:00+07:00,28.08,74.84,2026-03-30T18:05:00+07:00,,,,,,,,,
1774872000,109.0,43.0,84.0,26.34,68.0,6.0,817.0,2026-03-30T19:07:47+07:00,28.02,75.57,2026-03-30T19:07:47+07:00,,,,,,,,,
1774875600,109.0,42.0,84.0,26.4,67.32,6.0,834.0,2026-03-30T20:06:44+07:00,27.35,76.52,2026-03-30T20:06:44+07:00,,,,,,,,,
1774879200,111.0,42.0,83.0,25.92,67.48,6.01,834.0,2026-03-30T21:05:00+07:00,27.12,78.09,2026-03-30T21:05:00+07:00,,,,,,,,,
1774882800,109.0,42.0,83.0,25.73,67.58,6.01,828.0,2026-03-30T22:06:18+07:00,26.72,77.72,2026-03-30T22:06:18+07:00,,,,,,,,,
1774886400,111.0,42.0,84.0,25.62,66.87,6.02,823.0,2026-03-30T23:04:45+07:00,26.67,76.91,2026-03-30T23:04:45+07:00,,,,,,,,,
1774890000,113.0,43.0,88.0,25.74,66.0,6.02,827.0,2026-03-31T00:04:00+07:00,27.0,74.31,2026-03-31T00:04:00+07:00,,,,,,,,,
1774893600,115.0,42.0,88.0,25.71,66.19,6.03,844.0,2026-03-31T01:03:35+07:00,26.72,74.81,2026-03-31T01:03:35+07:00,,,,,,,,,
1774897200,113.0,42.0,87.0,25.8,65.29,6.02,851.0,2026-03-31T02:05:06+07:00,27.47,73.72,2026-03-31T02:05:06+07:00,,,,,,,,,
1774900800,113.0,42.0,88.0,25.83,65.63,6.03,841.0,2026-03-31T03:04:34+07:00,28.13,70.28,2026-03-31T03:04:34+07:00,,,,,,,,,
1774904400,113.0,43.0,89.0,26.27,64.91,6.03,837.0,2026-03-31T04:04:09+07:00,28.32,70.31,2026-03-31T04:04:09+07:00,,,,,,,,,
1774908000,114.0,43.0,88.0,26.42,64.47,6.03,835.0,2026-03-31T05:03:51+07:00,28.78,66.67,2026-03-31T05:03:51+07:00,,,,,,,,,
1774911600,112.0,43.0,87.0,26.45,64.92,6.03,832.0,2026-03-31T06:04:20+07:00,29.38,64.4,2026-03-31T06:04:20+07:00,,,,,,,,,
1774915200,114.0,42.0,88.0,26.61,67.24,6.02,843.0,2026-03-31T07:07:03+07:00,29.86,65.37,2026-03-31T07:07:03+07:00,,,,,,,,,
1774918800,112.0,42.0,86.0,25.37,74.61,6.0,808.0,2026-03-31T08:04:10+07:00,29.36,78.01,2026-03-31T08:04:10+07:00,,,,,,,,,
1774922400,111.0,42.0,88.0,25.15,76.81,6.0,792.0,2026-03-31T09:06:01+07:00,29.6,72.7,2026-03-31T09:06:01+07:00,,,,,,,,,
1774926000,114.0,41.0,87.0,27.09,68.21,6.0,845.0,2026-03-31T10:03:18+07:00,31.0,62.1,2026-03-31T10:03:18+07:00,,,,,,,,,
1774929600,114.0,42.0,89.0,28.17,64.01,6.0,853.0,2026-03-31T11:03:02+07:00,31.42,61.74,2026-03-31T11:03:02+07:00,,,,,,,,,
1774933200,113.0,42.0,87.0,28.27,62.87,6.0,861.0,2026-03-31T12:03:07+07:00,31.5,62.28,2026-03-31T12:03:07+07:00,,,,,,,,,
1774936800,115.0,43.0,89.0,28.24,62.79,6.0,841.0,2026-03-31T13:04:19+07:00,31.1,63.35,2026-03-31T13:04:19+07:00,,,,,,,,,
1774940400,113.0,42.0,89.0,28.1,62.72,5.99,850.0,2026-03-31T14:05:28+07:00,31.01,65.52,2026-03-31T14:05:28+07:00,,,,,,,,,
1774944000,114.0,41.0,89.0,27.28,65.94,5.98,843.0,2026-03-31T15:07:13+07:00,30.05,69.68,2026-03-31T15:07:13+07:00,,,,,,,,,
1774947600,113.0,41.0,87.0,25.43,73.23,5.98,815.0,2026-03-31T16:02:55+07:00,28.3,83.59,2026-03-31T16:02:55+07:00,,,,,,,,,
1774951200,112.0,42.0,86.0,24.71,75.04,5.97,800.0,2026-03-31T17:07:51+07:00,27.86,83.81,2026-03-31T17:07:51+07:00,,,,,,,,,
1774954800,112.0,42.0,88.0,25.93,67.68,5.99,835.0,2026-03-31T18:05:00+07:00,28.13,73.98,2026-03-31T18:05:00+07:00,,,,,,,,,
1774958400,113.0,42.0,88.0,26.58,62.7,6.0,847.0,2026-03-31T19:07:47+07:00,28.17,74.6,2026-03-31T19:07:47+07:00,,,,,,,,,
1774962000,112.0,42.0,89.0,26.66,61.95,6.0,865.0,2026-03-31T20:06:44+07:00,27.57,75.47,2026-03-31T20:06:44+07:00,,,,,,,,,
1774965600,114.0,42.0,88.0,26.19,62.04,6.01,865.0,2026-03-31T21:05:00+07:00,27.4,77.0,2026-03-31T21:05:00+07:00,,,,,,,,,
1774969200,112.0,42.0,87.0,26.02,62.06,6.01,860.0,2026-03-31T22:06:18+07:00,27.05,76.6,2026-03-31T22:06:18+07:00,,,,,,,,,
1774972800,114.0,42.0,88.0,25.92,61.28,6.02,855.0,2026-03-31T23:04:45+07:00,27.02,75.8,2026-03-31T23:04:45+07:00,,,,,,,,,
